/*
Navicat MySQL Data Transfer

Source Server         : localhost
Source Server Version : 50726
Source Host           : localhost:3306
Source Database       : activiti_db1

Target Server Type    : MYSQL
Target Server Version : 50726
File Encoding         : 65001

Date: 2020-02-14 10:40:44
*/

SET FOREIGN_KEY_CHECKS=0;

-- ----------------------------
-- Table structure for act_evt_log
-- ----------------------------
DROP TABLE IF EXISTS `act_evt_log`;
CREATE TABLE `act_evt_log` (
  `LOG_NR_` bigint(20) NOT NULL AUTO_INCREMENT,
  `TYPE_` varchar(64) COLLATE utf8_bin DEFAULT NULL,
  `PROC_DEF_ID_` varchar(64) COLLATE utf8_bin DEFAULT NULL,
  `PROC_INST_ID_` varchar(64) COLLATE utf8_bin DEFAULT NULL,
  `EXECUTION_ID_` varchar(64) COLLATE utf8_bin DEFAULT NULL,
  `TASK_ID_` varchar(64) COLLATE utf8_bin DEFAULT NULL,
  `TIME_STAMP_` timestamp(3) NOT NULL DEFAULT CURRENT_TIMESTAMP(3) ON UPDATE CURRENT_TIMESTAMP(3),
  `USER_ID_` varchar(255) COLLATE utf8_bin DEFAULT NULL,
  `DATA_` longblob,
  `LOCK_OWNER_` varchar(255) COLLATE utf8_bin DEFAULT NULL,
  `LOCK_TIME_` timestamp(3) NULL DEFAULT NULL,
  `IS_PROCESSED_` tinyint(4) DEFAULT '0',
  PRIMARY KEY (`LOG_NR_`)
) ENGINE=InnoDB DEFAULT CHARSET=utf8 COLLATE=utf8_bin;

-- ----------------------------
-- Records of act_evt_log
-- ----------------------------

-- ----------------------------
-- Table structure for act_ge_bytearray
-- ----------------------------
DROP TABLE IF EXISTS `act_ge_bytearray`;
CREATE TABLE `act_ge_bytearray` (
  `ID_` varchar(64) COLLATE utf8_bin NOT NULL,
  `REV_` int(11) DEFAULT NULL,
  `NAME_` varchar(255) COLLATE utf8_bin DEFAULT NULL,
  `DEPLOYMENT_ID_` varchar(64) COLLATE utf8_bin DEFAULT NULL,
  `BYTES_` longblob,
  `GENERATED_` tinyint(4) DEFAULT NULL,
  PRIMARY KEY (`ID_`),
  KEY `ACT_FK_BYTEARR_DEPL` (`DEPLOYMENT_ID_`),
  CONSTRAINT `ACT_FK_BYTEARR_DEPL` FOREIGN KEY (`DEPLOYMENT_ID_`) REFERENCES `act_re_deployment` (`ID_`)
) ENGINE=InnoDB DEFAULT CHARSET=utf8 COLLATE=utf8_bin;

-- ----------------------------
-- Records of act_ge_bytearray
-- ----------------------------
INSERT INTO `act_ge_bytearray` VALUES ('45002', '1', 'processes/leaveBill2.png', '45001', 0x89504E470D0A1A0A0000000D49484452000002FE000001CC0802000000225D3BD500002D0049444154789CEDDD7D6C5B57FDC7F1686BA957312D88410302E6C11FB30434169BD4FE45DD221A2301B3C4B49AFD512C4D6CAD26468510A4A02D88AD44084684C6D4C1562C507F184D692DED81B0B62394B60B7D48D376DDBC3EACDEFA30AF4F7369D2DE264E727E37F67AE7DA896B27F7DCE3E3F37EE9ABC88DAFAFEFF5F1FD9E4FAF1FD2240000008CD1A47A03000000BC43F40100000621FA00000083107D00008041883E0000C020441F00006010A20F00003008D10700001884E80300000C42F40100000621FA00000083107D00008041883E0000C020441F00006010A20F00003008D10700001884E80300000C42F40100000621FA00000083107D00008041883E0000C020441F00006010A20F00003008D10700001884E80300000C42F40100000621FA00000083107D00008041883E0000C020441F00006010A20F00003008D10700001884E80300000C42F40100000621FA00000083107D00008041883E0000C020441F00006010A20F00003008D10700001884E80300000C42F40100000621FA00000083107D00008041883E0000C020441F00006010A20F00003008D10700001884E80300000C42F40100000621FA00000083107D00008041883E0000C020441F00006010A20F00003008D10700001884E80300000C42F40100000621FA00000083107D80BA6059563299ECE8E8884422A1ABC2E1B0FD9B442291CD66556F20003408A20FA0989D78EC88E3F3F9ECD063079DEEEE0D9BB7BC52A8175E7CE991471E8D46A3CDCDCD0B172E8CC7E3AA371600B447F4019419181808854276E2B123CE486EB4726DDBBE63F9F2EF0583C1DEDE5ED51B0E001A23FA006A747676DA3966F39657AE1B7A8A6BF79EFE458B16AD58B1C2B22CD57B00005A22FA005EB3534B341A6D6F6FAF29F414D71F9E7A2A140A653219D5BB0200FA21FA009EB273CFC2850B1389C4B4738FF3FA97BD9E743AAD7A87004033441FC053D16874E6B9C779F1CB4E3FBCF205003521FA00DEE9ECEC9CC9EB5CE5D5DDBD211289A8DE2D00D009D107F0C8C0C04030187431F714EA81071E5CBB76ADEA9D03006D107D008FD8B967F79E7ED7A3CFF113276FBBCDCFCB5E005025A20FE08564321989445CCF3D857AF8E11F767575A9DE4500D003D107F0422814AAF52B7C6A3AF1D3D2D2A27A1701400F441F40BA6C36DBDCDC2C29F7146AC182057D7D7DAA7714003440F401A48BC7E3B1584C6AF4797CCD9AF6F676D53B0A001A20FA00D2AD58B162EDDAB552A3CFE62DAF844221D53B0A001A20FA00D285C3E16AFE40E94CEAC8D1A3B7DDE657BDA300A001A20F209DA48FB517D7C5C1219FCFA77A47014003441F40BA969696E3274E4A8D3E763535713803C0F5D12B01E90281C06B070F127D00A01ED02B01E9A47EA90FEFF501809A107D00E962B1D8B3EBD6498D3EDBB6EF58B06081EA1D05000D107D00E9BABABA1E7EF88752A38F1DAD962FFF9EEA1D05000D107D00E9D2E9B4DFEF971A7DDADADA7A7A7A54EF28006880E8037841EA3B9D2F0E0E353737F3C7DB01A01A441FC00B525FF3FAED134FD82B57BD8B00A007A20FE005CBB2FC7EBF8C6FF7B9383874DB6DFE4C26A37A1701400F441FC0238944E2DE65CB38E503006A117D00EF7CFBEEBBBBBB37B8987B5E3B78B0B5B5F5E2E090EA3D03006D107D00EF64B3D9050B16B8F57EE73367CFD9B9E7C8D1A3AA770B007442F4013C954AA5ECF463E79599E79E6FDF7DF70B2FBEA47A87004033441FC06B030303ADADADDBB6EF98C9EB5C767E22F700C034107D0005B2D9ECA2458B1E79E4D13367CFD5147A2E0E0EFDF689270AAF9AA9DE0900D012D10750C3B22C3BFADC7147C08E3276A0A926F73CBB6E9DBDFCC30FFFD00E4CAA371F007445F40154CA6432AB56AD6A6E6EFEF6DD77DBC966F79EFE92B863FF66FDFAFFBB77D9327B99E5CBBF974EA7556F3200E88DE803A867595632998CC562ADADAD4DD7B27F63E79E442291CD66556F26003402A20F508FEC18A47A1300A031117D807AD4D4C4B1090052D05E817A44F401004968AF403D22FA008024B457A01E117D004012DA2B508F883E002009ED15A847441F009084F60AD423A20F0048427B05EA11D1070024A1BD02F588E8030092D05E817A44F401004968AF403D22FA008024B457A01E117D004012DA2B508F883E002009ED15A847441F009084F60AD423A20F0048427B05EA11D1070024A1BD02F588E8030092D05E817A44F401004968AF403D22FA008024B457A01E117D004012DA2B508F883E002009ED15A847441F009084F60AD423A20F0048427B05EA11D1070024A1BD02F588E8030092D05E817A44F401004968AF403D22FA008024B457A01E117D004012DA2B508F883E002009ED15A847441F009084F60AD423A20F0048427B05EA11D1070024A1BD02F588E8030092D05E817A44F401004968AF403D22FA008024B457A05E2412093BF1F87CBE6030685F686969B17FCE9D3B37954AA9DE3400681C441FA05E6CDCB8B1A9CCE2C58B93C9A4EA4D0380C641F401EA85655973E6CC29CE3DF3E7CF6F6969C966B3AA370D001A07D107A823AB57AF9E356B96137D56AE5CD9DEDEAE7AA300A0A1107D80FA326FDEBC42EE59B66C99DFEFB72C4BF51601404321FA00F565EBD6ADB367CFB6A34F381CE65D3E00E03AA20F5077962C5952883EAA3704001A10D107A83B994CC68E3E7CA61D006420FA00F588AF3404004968AFC0872CCB4A2412D16834140AF9FDFEF26FD93184BDEFF623108944E2F1381FAD07D060883EC0077A7A7AEC29DFCE3DEBD7AFDFBC65CB91A34747723933CBDE77FB11E8EEEE5EBE7CB9FD98D80148F5E000806B883E80C866B3B158ACADADEDF889E323B911AAB8CE9C3D630720FBC1C96432AA070A005C40F481E9ECDC130C069F5DF7CC486E989AAA5E78F185050B16A4D369D5C305003345F481E962B1583EF75CA12AD7E62D9B162DFAAAEAE102809922FAC0683D3D3D6D6D4B73A316554DFDE4A73F5EB3E631D58306003342F481B92CCBF2FBFD274EA673A397A96A6A70E8FDD6D6F97CE11000AD117D60AE783C1E8BC572A3979C5A1CFE66951FFF2EBE9551B566CD2FF98BAA00B446F481B9229148F786BF7F987B96B6BD2BC4DB63E2704EBC3E2CF60D8BDD83A35D1B5E79F9E4859D23E2BF96D869896D97C4A62BE2F7DB0E3CB0E241E5294449EDE9EF0B0683AA870E00A68FE803730502818307F7E646870AD5D4D43428C4D0B8B8302ACE8F884B42FCE8678F36DDF0D1854B232773E2F8B0387E45A42D7164543CF7EABEFC899F21036B70E89CCFE7533D7400307D441F98ABB9B9F9ECB993B9D1C142D969E6D298181E9BB86A747CE2E7F32FFDF3D35FF8D2CF1FFFEDA8101747C5859C389F13592136EDDA9F8F3E836656137F640380CE686130573EBE5C74CAFEE7D0A83877598C8C7DB040369BFDDD934F3FF69B278F9F9AF836BFDCB818C947A21D7BF695DCD6A822FA00D01A2D0CE6CAC797FF3935117DC6C4994BE2BD4191136264783870C71D4D4D373635F9EEF9EEF2E21BEEEEDF5B725BA38AE803406BB430982B1F5F2E385578C1EBDC6571EAA2387D45EC3EF8D6BC79F36E9CF5919B6EB9357ADF35D167D79EFE92DB1A55441F005AA385C15CF9F89275CAFEE7E57171DE9A38EB73E68AD8B22BF5E5D63B6FFDC4276F69FED8D37F79EE8A1083C3E2D2F0C40DB7F5ED2AB9AD5145F401A0355A18CC654FE1A3A3EF3B5598D1EDF4732127DE1F11A72EE6761C48B77EE5AEC55FFFC6E961F19E254E5BE2DCB0B0C3CFB69DBB4A6E6B54117D00688D16067395C497D0E245FBDF38BCFB40AA6F20B5BD3FB57DEFA11DFB8FFE6BE7EBAF1E38B6B5FFD07FFADFDCBEF7CDBE7D870E1C7EE7A93FAEBB77D9BDCA2308D10700A681160673E5A3CFF9E27AE8A107ABF92AE7EFDC734FC90D8D2AA20F00ADD1C260AE7CF43947D55A441F005AA385C15C13D167EC2C556B117D00688D160673E5A3CF19AAD622FA00D01A2D0CE6CA479FD354AD45F401A0355A18CC958F3EEF51B516D10780D6686168708944229D4E4F7A553EFA64A85A6BAAE853E1A10680FA41F441233B74E850E1E3E837DF7C73777777C9B5441F57A24F369BBDEFBEFB0A8FF3A73EF529D20F803A47F44123B32CEB861B6E28CCCAB367CFFEE217BF583C31E7A3CFBB54AD551C7DD6AE5DEBF3F90A8FB07DA1A5A52593C928186900A81AD1070DCE9E8C8BBF8DF0A69B6EBAFFFEFBED4824F2D1676CEC14556B15A24F2A95FAFCE73F5FFCD82E5CB8D0EFF7AB1E7000B80EA24F23B027F2DEDEDE8E8E8ED055F60C54CDB712636CEC24556BD98F9BFD1C533D74DAB00F46E7C0B40FD29E9E9E6C36ABBA67004623FAE8CD4E3C9148C4E7F315BA6AEF55BCDFC271CB2DB738935024CF7EAC52A994F8E0ACCF09AAD66ACA9FF5B19F635FFBDAD73EFBD9CF3A0FEFCD37DF1C0C06550F78DDB11F28E7C0B40FD27038DCDCDC6C3F0993C9A4EA4D030C45F4D155269329FC3F92065A81FDDFEBC2AC1C0804BEFFFDEFDB3F138984736D3EFA1C9751CE9A4B4E00545EB89A155EF7F7F276AAF82E9CC7B0A7A7E7B6DB6EFBCC673E53D8C13973E6145E4C446585FFB4D849B190C2017889E8A3257BBEB16771BB7BAADE907AF7F6DB6FFB7C3EFBFFD97EBFBFBDBDBDE485867C4A784746396B2EBE8BE25F56566185535D55E57ADCDABBE287D1CE3A1D1D1D9FFBDCE7EC89DCFE393030E0ED206BCC7EACEC07AD388E03F000D1473FC96432140AF176812AD90F573C1E9FF4154019E1A0247954CE229306A34957557DA6919778A68A3E05F6236C3FCE9C83AC951D1CA3D1A8FDD0A9DE10C020441FCDD8138CFDDF44728F2BF229E16D19E5ACB9F82E4AEEAEFCDE2B2C50613DCE2F274B48B2F64EF5D035143BFDD8FF99E9EBEB53BD21802968619A59B870212DD22D13E1603C2DA33E481E572F7C98458A16707E56F8CD94677DAEBD9792BB96B453C577A17AE81A8DFD5F9A4020C0DBA4006FD0C274924C26239188EAAD681CF99470CCF5BA9A482A2D5072A1E472E56B27BD3C4542727FEF0AF7A57AE81AD0AA55ABBABABA546F0560045A984EC2E1704F4F8FEAAD681CF970F096BB5558A7F373B23852BA70F9E5CAD7D67A59C63EAA1EBA06944AA5028180EAAD008C400BD346269369696951BD150D259F0F8ECA2867CD850B15EEA8C202155FF02ABDA3F2E525ED5AE18E540F5D63E2E56CC01BB4306DF06A97EBF2F9E0888C72D65CB85014472A2D5CCD0A27FD7DF1CFEAD73993BD533D748D89D7BC006FD0C2B4415B745D3E1F1C965185353B3FA7BA23E7AA0ACB14AFB0C21A9CCB45314BCAAE15EE48F5D03526FE7B03788316A68D5028C47718BA4B463E98347C94FC72AA745221B554883ED7BD4CF4D1056FF701BC410BD306EF03709D3D858F8F1FA26A2DA28F24E974DAEFF7ABDE0AA0F1D1C2B461F744FE28A9BBF2D1E74DAAD622FAC8C3630B7880C34C1BCDCDCD7C89B3BBF2D12745D55A4CCFF2F0D8021EE030D3063DD175F9E8F306556BF1549487C716F000879936E889AEF3F97C972FEF1D1F7F9DAAA9782ACAC3630B7880C34C1BF444D7F9FDFE63C75E1E1F3F48D5543C15E5E1B1053CC061A60D7AA2EBC2E1F03F7AD68E8BD7A8EAEB8DD4F37C005B1E0E73C0031C66DAA027BAAEB3B3B3BDFD7EE56142AFFA73FCF1582CA67AE81A168739E0010E336DD0135D974EA70381DB2F5BBBC7C501AACA8A4496249349D543D7B038CC010F709869839E2843C78415E3623F554DFD2DF1EB6834AC7AD01A198739E0010E336DD01365B02C2B14BAABAFEFAF42ECA32A5726B32510B83D9BDDA67AD01A198739E0010E336DD0132549A552C1E01DA9545288016AAAB2738F9D117B7B9F513D5C0D8EC31CF000879936E889F2F4F5F5D9E9A7B3F30742ECA5CA2B997C2210F0F7F6FE49F540353E0E73C0031C66DAA0274A6559567B7B2C14BA331EFF4526B349887E2A9BFD7722F1AB68B42D1209D997550F911138CC010F709869839EE881DEDEDE58EC5B2D2D1F6F42535373F3CDD1E8523BFDA81E168334719803F2719869839E6814BE3BC74C1CE6800738CCB4414F340AC36D26C61DF000879936E8894661B8CDC4B8031EE030D3063DD1280CB7991877C0031C66DAA0271A85E13613E30E7880C34C1BF444A330DC6662DC010F709869839E681486DB4C8C3BE0010E336DD0138DC2709B8971073CC061A60D7AA251186E3331EE800738CCB4414F340AC36D26C61DF000879936E8894661B8CDC4B8031EE030D3063DD1280CB7991877C0031C66DAA0271A85E13613E30E7880C34C1BF444A330DC6662DC010F709869839E681486DB4C8C3BE0010E336DD0138DC2709B8971073CC061A60D7AA251186E3331EE800738CCB4414F340AC36D26C61DF000879936E8894661B8CD5479DC9B8A942C5C72B902791B0FE882C3401BF42CA330DC66AA72DC9DC5CA3350E595F0BC0204D14723F42CA330DC66BAEEB84F7ABE87E803D484C3401BF42CA330DC66AA35FA945F285EA6FC752E9E578020FA68849E651486DB4C35459FA94EF654782710CF2B40107D3442CF320AC36DA66AA2CFA46F589EF4AC4FF9B53CAF0041F4D1083DCB280CB799AA1FF7A95EF912BCE0055C0F878136E8594661B8CD54CDB817A7990AAF7C71D607980A878136E8590D2F9148D8A3ECF3F982C1A07DA1A5A5C5FE3977EEDC542AA57AD3E091CA87F9A4E76FCA6FC227BC80CA380CB441CF6A781B376E6C2AB378F1E26432A97AD3E091E9BDE0557ED6A702D7B719D00E878136E8590DCFB2AC3973E614CF52F3E7CF6F6969C966B3AA370D1EA9FE6DCEA2EC25AD6A5ED5A28D0082E8A3117A960956AF5E3D6BD62C677A5BB972657B7BBBEA8D827738CC010F709869839E688879F3E61572CFB265CBFC7EBF6559AAB708DEE130073CC061A60D7AA221B66EDD3A7BF66C7BB8C3E130EFF2310D8739E0010E336DD013CDB164C99242F451BD21F01A8739E0010E336DD013CD91C964ECE1E633ED06E230073CC061A60D7AA251186E3331EE800738CCB4414FF48065598944221A8D864221BFDF5FF9FB511A98BDEFF623108944E2F1381FADF752138739201F879936E889B2F5F4F4D853BE9D7BD6AF5FBF79CB9623478F8EE4726696BDEFF623D0DDDDBD7CF972FB31B10390EAC131058739E0010E336DD013E5C966B3B158ACADADEDF889E323B911AAB8CE9C3D630720FBC1C96432AA07AAF17198031EE030D3063D51123BF70483C167D73D33921BA6A6AA175E7C61C18205E9745AF57035380E73C0031C66DAA0274A128BC5F2B9E70A55B9366FD9B468D157550F5783E330073CC061A60D7AA20C3D3D3D6D6D4B73A316554DFDE4A73F5EB3E631D583D6C838CC010F709869839EE83ACBB2FC7EFF8993E9DCE865AA9A1A1C7ABFB5753E5F38240F8739E0010E336DD0135D178FC763B1586EF492538BC3DFACF2E3DFC5B732AAD6ACF9257F51551E0E73C0031C66DAA027BA2E1289746FF8FB87B96769DBBB42BC3D260EE7C4EBC362DFB0D83D38DAB5E195974F5ED83922FE6B899D96D876496CBA227EBFEDC0032B1E549E4294D49EFEBE6030A87AE81A168739E0010E336DD0135D1708040E1EDC9B1B1D2A94FD080F0A31342E2E8C8AF323E292103FFAD9A34D377C74E1D2C8C99C383E2C8E5F11694B1C1915CFBDBA2F7FE267C8C01A1C3AE7F3F9540F5DC3E230073CC061A60D7AA2EB9A9B9BCF9E3B991B1D2C94FD085F1A13C36313578D8E4FFC7CFEA57F7EFA0B5FFAF9E3BF1D15E2E2A8B89013E773222BC4A65DFBF3D167D0CCE2A9280F8F2DE0010E336DD0135D978F2F179DB2FF39342ACE5D1623631F2C90CD667FF7E4D38FFDE6C9E3A726BECD2F372E46F29168C79E7D25B735AA782ACAC3630B7880C34C1BF444D7E5E3CBFF9C9A883E63E2CC25F1DEA0C80931323C1CB8E38EA6A61B9B9A7CF77C7779F10D77F7EF2DB9AD51C553511E1E5BC0031C66DAA027BA2E1F5F2E385578C1EBDC6571EAA2387D45EC3EF8D6BC79F36E9CF5919B6EB9357ADF35D167D79EFE92DB1A553C15E5E1B1053CC061A60D7AA2EBF2F125EB94FDCFCBE3E2BC3571D6E7CC15B16557EACBAD77DEFA894FDED2FCB1A7FFF2DC15210687C5A5E1891B6EEBDB55725BA38AA7A224994CA6A5A545F556008D8F16A60DE61BD7D90FE9E8E8FB4E151E613BFD5CC889F747C4A98BB91D07D2AD5FB96BF1D7BF717A58BC6789D39638372CECF0B36DE7AE92DB1A553C152549A7D37EBF5FF556008D8F16A60DE61BD795C497D0E245FBDF38BCFB40AA6F20B5BD3FB57DEFA11DFB8FFE6BE7EBAF1E38B6B5FFD07FFADFDCBEF7CDBE7D870E1C7EE7A93FAEBB77D9BDCA2308D1A7C1F4F4F484C361D55B01343E5A9836986F5C978F3EE78BEBA1871EACE6AB9CBF73CF3D253734AA782A4AD291A77A2B80C6470BD306F38DEBF2D1E71C556BF15494241C0EF7F4F4A8DE0AA0F1D1C2B4C17CE3BA89E8337696AAB5782ACA90C964FC7EBF6559AA3704687CB4306D30DFB82E1F7DCE50B5164F4519BABABA56AD5AA57A2B0023D0C2B4C17CE3BA7CF4394DD55A3C155D675996DFEFCF6432AA370430022D4C1BCC37AECB479FF7A85A8BA7A2EB62B1583C1E57BD1580296861DA60BE715D3EFA64A85A8BA7A2BBBABABA56AC58A17A2B0083D0C2B4C17CE33AA20FD1472DCBB262B118B907F0182D4C1BCC37AECB479F77A95A8BA7E2CC65B3D9AEAE2EBFDFCFEB5C80F76861DA60BE719DFD908E8D9DA26A2D9E8AD3D6DBDBDBD9D9198944ECD0B36AD52ADED70C28410BD306F38DEBF2D1E724556BD98F5B2814AAE66BAF51C27EDCDADBDB93C964369B55FDF407CCC56CAA8D26A28FDB9A26A2CF09AAD6E2A908406BB4306D30DFB82E1F7D8ECFBC0AEB29FF2F7EF93293DEB0FADF57B98C7355F905B7F657F5D001C0F4D1C2B4C17CE3BA7C207867E655BE9E0ABF992C215D7F8593DE70AAF514DF578515CE647F550F1D004C1F2D4C1BCC37AE732510549333A6BA6AAA0DA83E0F955C5B9284883E00508E16A68DCAF34DF19C57B270C9E50AE46D7C7DCA0782B76752CE1A8A2F5C4D1E532E537E5595BFAF729949B7AACAD556B9D7AA870E00A68F16A68D2AE71B67B1F20C54792506CE671351603C3D93FA30E85CFD67F155532D73CDB99929565BF9EECA4D7A73E7AA0AF735BDBD563D7400307DB4306D5C77BE29CF3AE5E772883EC5F269E0D8CCABB09EF2B539BF29BEEABA773AD5DA2AACA764E1AB4167F20D70657F550F1D004C1F2D4C1BB5469FF20BC5CB14AB72FD8D271F08DE9A611556E2FCBCF64CCC870B145F5BFD0ACBAF9AFAACCF2477517EC19532F0A902A091D0C2B45153F499EA64CFA46786AA5C7FE3C90782A333A9A2A871CD2F2B2C73DD85A7BAAAC2B553AD64AA3B9DF95EAB1E3A00983E5A9836AA893E252772CA6F48F429960F04475CA9ABE1E683CB9597ACF29FE5EBA978D6679295142E380BB8B5BF063E550034125A9836AA9F6F9AA678E54BF082D7B5F251E0F04CAA28795CF3CBA9962CBFB6F89FE537ACB085D55C5572A733DF5F67B5AA870E00A68F16A68D6AE69BE234537E8267D25F127DDCAA294EC67C983FA65A72D265CA335335D1A7248A956420A20F0008A28F462ACF37939EBF29BF49859518389FD9BB3C3E7E88AAB50C7CAA006824B4306D543FDF543EEB5381EBDB5CE7F2D1E74DAAD632F0A902A091D0C2B471DDF9A6FCD5AEE2DF5F772506CE67F9E893A26A2D039F2A001A092D4C1BCC37AECB479F37A85A8BA72200ADD1C2B4C17CE33A9FCF77F9F2DEF1F1D7A99A8AA72200ADD1C2B4C17CE33ABFDF7FECD8CBE3E307A99A8AA72200ADD1C2B4C17CE3BA7038FC8F9EB5E3E235AAFA7A23F57C2010503D7400307DCCA6DA20FAB8AEB3B3B3BDFD7EE56142AFFA73FCF1582CA67AE80060FA984DB541F4715D3A9D0E046EBF6CED1E1707A82A2B1259924C26550F1D004C1FB3A936883E32744C58312EF653D5D4DF12BF8E46C3AA070D006684D9541B441F192CCB0A85EEEAEBFBAB10FBA8CA95C96C09046ECF66B7A91E3400981166536D107D2449A552C1E01DA9545288016AAAB2738F9D117B7B9F513D5C003053CCA6DA20FAC8D3D7D767A79FCECE1F08B1972AAF64F28940C0DFDBFB27D50305002E6036D506D1472ACBB2DADB63A1D09DF1F82F32994D42F453D9ECBF13895F45A36D9148C8BEAC7A8800C01DCCA6DA20FA78A0B7B73716FB564BCBC72BFF9D57433437DF1C8D2EB5D38FEA61010037319B6AA389E86312BE3B0700246136D506D1C7280C370048427BD50673A151186E009084F6AA0DE642A330DC002009ED551BCC854661B8014012DAAB36980B8DC270038024B4576D30171A85E106004968AFDA602E340AC30D0092D05EB5C15C6814861B0024A1BD6A83B9D0280C370048427BD50673A151186E009084F6AA0DE642A330DC002009ED551BCC854661B8014012DAAB36980B8DC270038024B4576D30171A85E106004968AFDA602E340AC30D0092D05EB5C15C6814861B0024A1BD6A83B9D0280C370048427BD50673A151186E009084F6AA0DE642A330DC002009ED551BCC854661B8014012DAAB36980B8DC270038024B4576D30171AA59AE1769629BF30D5C23C8B00803EA80D262DA3CC3CFA94641DA20F0014D007B5C1A46594CAC3DD54444C7DD6A7788172D2B61D00EA1AED4F1BCC554699C9599FEB9EFB010093D107B5C1A465945AA34FF1D99D9205263DE5C3D30980B1687FDA60AE324A95D1E7BA2F784D7501008C451FD406939651AA7CAF4FC9C225A77C883E00508E3EA80D262DA3B8F2E1F69257C478C10B0004D14723CC55469946F4A9F0FA17677D00C0411FD406939651A6FD366741F401808AE883DA60D232CAB4DFEB33E98B59BCE005000EDA9F3698AB1A5E2291B047D9E7F3058341FB424B4B8BFD73EEDCB9A9544AF5A60140E36036D506D1A7E16DDCB8B1FCDCCCE2C58B93C9A4EA4D0380C6C16CAA0DA24FC3B32C6BCE9C39C5B967FEFCF92D2D2DD96C56F5A60140E36036D506D1C704AB57AF9E356B96137D56AE5CD9DEDEAE7AA300A0A1309B6A83E8638879F3E61572CFB265CBFC7EBF6559AAB708001A0AB3A936883E86D8BA75EBECD9B3EDE10E87C3BCCB07005CC76CAA0DA28F39962C5952883EAA3704001A10B3A936883EE6C86432F670F39976009081D9541B441FA330DC002009ED551BCC851EB02C2B914844A3D15028E4F7FB27FD126413D8FB6E3F029148241E8FF3D17A000D86D9541B4D441FC97A7A7AEC29DFCE3DEBD7AFDFBC65CB91A34747723933CBDE77FB11E8EEEE5EBE7CB9FD98D80148F5E000806B984DB541F491279BCDC662B1B6B6B6E3278E8FE446A8E23A73F68C1D80EC072793C9A81E28007001B3A936883E92D8B927180C3EBBEE9991DC303555BDF0E20B0B162C48A7D3AA870B00668AD9541B441F4962B1583EF75CA12AD7E62D9B162DFAAAEAE10280996236D506D147869E9E9EB6B6A5B9518BAAA67EF2D31FAF59F398EA410380196136D506D1C7759665F9FDFE1327D3B9D1CB54353538F47E6BEB7CBE700880D6984DB541F4715D3C1E8FC562B9D14B4E2D0E7FB3CA8F7F17DFCAA85AB3E697FC4555005A6336D506D1C7759148A47BC3DF3FCC3D4BDBDE15E2ED317138275E1F16FB86C5EEC1D1AE0DAFBC7CF2C2CE11F15F4BECB4C4B64B62D315F1FB6D071E58F1A0F214A2A4F6F4F7058341D5430700D3C76CAA0DA28FEB0281C0C1837B73A34385B21FE1412186C6C58551717E445C12E2473F7BB4E9868F2E5C1A399913C787C5F12B226D8923A3E2B957F7E54FFC0C19588343E77C3E9FEAA10380E96336D506D1C775CDCDCD67CF9DCC8D0E16CA7E842F8D89E1B189AB46C7277E3EFFD23F3FFD852FFDFCF1DF8E0A7171545CC889F339911562D3AEFDF9E8336866F15404A0355A9836986F5C978F2F179DB2FF39342ACE5D1623631F2C90CD667FF7E4D38FFDE6C9E3A726BECD2F372E46F29168C79E7D25B735AA782A02D01A2D4C1BCC37AECBC797FF3935117DC6C4994BE2BD4191136264783870C71D4D4D373635F9EEF9EEF2E21BEEEEDF5B725BA38AA72200ADD1C2B4E1F3F92CCB52BD150D251F5F2E385578C1EBDC6571EAA2387D45EC3EF8D6BC79F36E9CF5919B6EB9357ADF35D167D79EFE92DB1A55441F005AA38569C3EFF7F36704DC958F2F59A7EC7F5E1E17E7AD89B33E67AE882DBB525F6EBDF3D64F7CF296E68F3DFD97E7AE0831382C2E0D4FDC705BDFAE92DB1A55441F005AA3856923180C0E0C0CA8DE8A86624FE1A3A3EF3B5598D1EDF4732127DE1F11A72EE6761C48B77EE5AEC55FFFC6E961F19E254E5BE2DCB0B0C3CFB69DBB4A6E6B54117D00688D16A68D5028D4DBDBAB7A2B1A4A497C092D5EB4FF8DC3BB0FA4FA0652DBFB53DBF71EDAB1FFE8BF76BEFEEA81635BFB0FFDA7FFCDED7BDFECDB77E8C0E1779EFAE3BA7B97DDAB3C82107D00601A6861DA88C562F1785CF55634947CF4395F5C0F3DF460355FE5FC9D7BEE29B9A15145F401A0355A98360A7F7541F55634947CF43947D55A441F005AA3856923954A050201D55BD15026A2CFD859AAD622FA00D01A2D4C27BCD3D95DF9E87386AAB5883E00B4460BD3495757D7AA55AB546F45E3C8479FD354AD45F401A0355A984E2CCBF2FBFD994C46F58634887CF4798FAAB5883E00B4460BD34C6F6F6F281452BD150D221F7D3254AD45F401A0355A987E3A3A3A78D9CB15441FA20F0003D1C2B4D4DEDE1E0E87B3D9ACEA0DD15B3EFABC4BD55A441F005AA385E9AAA7A7C7EFF7777474F0D69F69B3A7F0B1B15354AD45F401A0355A98C6B2D9AC1D7DEC00140E87ED0B92FECC45AF4BE2F178874B422EC9479F9354AD45F401A0355A98F62CCBEAE9E92904826AFE0843ADDCCA19B158CCADE8E3561ACB479F1354AD45F401A0355A18CC958F3EC7A556E5BB28BEB6FA25A7BAAAFC82BC9D523D7400307DB430982B1F11DE915AC57731E9DD157E597ED575CFC695AFB6FC82BC9D523D7400307DB430984B5244B86E58A966B1CADBE604A6E25B117D00A01AB430982B1F11DE965A85BB98F48EAAFF6585DF175F557241DEDE117D00688D1606734D8483F1B4BB75FD17AA8A969CF4E6D5AC6AD29B3857952FE3FA3EAA1E3A00983E5A18CC95CF07C7A45685BB983AD64C72DBA92E3BEB29FEBDECFD22FA00D01A2D0CE6CA4784B7E495B3FEABE9A4E69B4F1D8FAE59A0FCEE64EF97EAA10380E9A385C15CF9887054525D9B54A65CC6F9597CA1FC9F535D9EF4E652F7ABB07ED5430700D3470B83B9F211E1888C2AACB964FDC5FF2C59A0FC42E1F2D4677D2659ADB3CE49EFDDDDBD533D7400307DB430982B1F0E0EBB5B5793C707974BAE2AB93CE902936E55854D2DBEBBE235C8D83BE78E540F1D004C1F2D0CE692170E8AB3C8B5676B26092BE50B54197DAEBB5AA20F0094A385C15CF6143E3E7E88AAB5883E00B4460B83B9F2D1E74DAAD622FA00D01A2D0CE6CA479F14556B117D00688D160673E5A3CF1B54AD45F401A0355A18CCE5F3F92E5FDE3B3EFE3A5553117D00688D160673F9FDFE63C75E1E1F3F48D554441F005AA385C15CE170F81F3D6BC7C56B54F5F546EAF94020A07AE80060FA883E30576767677BFBFDCAC3845EF5E7F8E3B1584CF5D001C0F4117D60AE743A1D08DC7ED9DA3D2E0E50555624B224994CAA1E3A00983EA20F8CD63161C5B8D84F55537F4BFC3A1A0DAB1E34009811A20F8C6659562874575FDF5F85D84755AE4C664B20707B36BB4DF5A001C08C107D60BA542A150CDE914A258518A0A62A3BF7D819B1B7F719D5C305003345F401445F5F9F9D7E3A3B7F20C45EAABC92C92702017F6FEF9F540F1400B880E8034CB02CABBD3D160ADD198FFF2293D924443F95CDFE3B91F85534DA168984ECCBAA870800DC41F4013ED4DBDB1B8B7DABA5E5E34D686A6A6EBE391A5D6AA71FD5C302006E22FA00F588EFCE010049883E403D6AE28F4500801CB457A01E117D004012DA2B508F883E002009ED15A847441F009084F60AD423A20F0048427B05EA11D1070024A1BD02F588E8030092D05E817A44F401004968AF403D22FA008024B457A01E117D004012DA2B508F883E002009ED15A847441F009084F60AD423A20F0048427B05EA11D1070024A1BD02F588E8030092D05E817A44F401004968AF403D22FA008024B457A01E117D004012DA2B508F883E002009ED15A847D5441F6799F20B532D4CA20200FA20508F661E7D4AB20ED107000AE883403DAA9C519A8A88A9CFFA142F504EDAB603405DA3FD01F56826677DAE7BEE07004C461F04EA51ADD1A7F8EC4EC902939EF22103013016ED0FA84755469FEBBEE035D5050030167D10A84755BED7A764E192533E441F0028471F04EA912B1F6E2F79458C17BC0040107D80FA348DE853E1F52FCEFA0080833E08D48B44226147139FCF170C06ED0B2D2D2DF6CFB973E7A652A949979FF46DCE82E8030015D107817AB171E3C6F297A5162F5E9C4C264B96ACF05E9F495FCCE2052F0070D0FE807A6159D69C39738AD3C9FCF9F35B5A5AB2D9ACEA4D0380C641F401EAC8EAD5AB67CD9AE5449F952B57B6B7B7ABDE28006828441FA0BECC9B37AF907B962D5BE6F7FB2DCB52BD4500D050883E407DD9BA75EBECD9B3EDE8130E87CBDFE503009821A20F5077962C5952883EAA3704001A10D107A83B994CC68E3E537DA61D003013441FA01EF1E173009084F60AD405CBB292C9644747472412095D150E87EDDFC4E3F14C26A37A0301A041107D00C5ECC463C79D49BF75B05830185CBB762D1FF802801922FA00CAF4F6F62E5CB8F0BAA1A798DFEFE7635F003013441F4001CBB262B158F9799D9FFCE4A7DDDD1B366F79C5A9471E79B4ADADAD64C94824C2573C03C0F4107D00AF65329992933D0F3FFCC323478F8EE446A7AA3367CFFDE1A9A70A7FD0D439FD333030A07A5700403F441FC053E974DA4E2D4E820987C395434F49007AE491479DDBFA7CBEBEBE3ED53B04009A21FA00DEB12CABF87CCFE36BD654197A8A6BFDFAFFB3438F73EE870F7F01404D883E8077A2D1A8937BBABB374C23F7146AF79EFEE6E6E6C27A42A190EADD02009D107D008F2493C9199EEF29AE175E7CC9595B575797EA9D03006D107D008F048341E7FD3D33CC3D8572DEF7D3D2D2C2F7FD004095883E8017128984F3DEE4E3274EBA127D2E0E0E399FF95AB56A95EA5D04003D107D002F844221E773ECAEE49E423DBB6E5D61B5CDCDCDAA771100F440F401A4CB66B3CEFB72DC3AE5E3D46DB77DF051F9DEDE5ED53B0A001A20FA00D2C5E371E7D358EEE61EBB1E78E0C1C2CADBDBDB55EF28006880E80348B762C50AB73ED8555E9BB7BC5258F9C2850B55EF28006880E80348170E870BE9E485175F723DFA1C397AD4F97A43D53B0A001A20FA00D2391F6BDFBDA7DFF5E86397F34622D53B0A001AA05702D2391F41AFFECF75D554CEFA55EF280068805E09481708040AD1E4B5830765441FE74F7AA9DE5100D000BD1290CEF9529FCD5B5E713DF79C397B8EAFF60180EA117D00E962B158219DFCE1A9A75C8F3EAF1D3C585879301854BDA300A001A20F205D676767219D2C5FFE3DD7A3CFE36BD614561E8D4655EF28006880E80348974AA59CD7A42E0E0EB91B7D162D5A5458793C1E57BDA300A001A20FE005BFFF833F37D1DDBDC1C5DCE37CA98F2D9BCDAADE4B00D000D107F0427B7B7B21A0B4B6B6BA78E2E7DB77DF5D586D241251BD8B00A007A20FE0856C36EB7CFB8E5B7FCE62DBF61DCE299F818101D5BB08007A20FA001EE9EAEA2AC4149FCF37F34FB91F397AD4C9522B56AC50BD7300A00DA20FE09D850B1716C28A9D5A66F2CDCE1707875A5B5B9D55653219D57B0600DA20FA00DE49A7D3CDCDCD4E6499DE9FF43A7EE2A4937B7C3E5F6F6FAFEADD02009D107D004FD949C579838E1D5C6AFD92C36DDB7738AF73D9BABABA54EF10006886E803782D994C3AE77E0A9FF97AE1C597AA39D973EFB2654D45C83D00300D441F4081542AE5FC4D5327003DF2C8A3E57FDFD44E3C7F78EAA9B6B6B6E285EDE4C4EB5C00303D441F408D6C36DBD1D1E1FCD1F5120B162C98EAAA6834CAFB9A0160DA883E804A768871FEB8E9758542A1BEBE3ED59B0C007A23FA00EA5996954824EC0C140C064BE28EDFEF8F44226BD7AEE54C0F00B882E80300000C42F40100000621FA00000083107D00008041883E0000C020FF0FD6724F81D9B1FE2E0000000049454E44AE426082, '0');
INSERT INTO `act_ge_bytearray` VALUES ('45003', '1', 'processes/leaveBill2.bpmn', '45001', 0x3C3F786D6C2076657273696F6E3D22312E302220656E636F64696E673D225554462D38223F3E0A3C646566696E6974696F6E7320786D6C6E733D22687474703A2F2F7777772E6F6D672E6F72672F737065632F42504D4E2F32303130303532342F4D4F44454C2220786D6C6E733A7873693D22687474703A2F2F7777772E77332E6F72672F323030312F584D4C536368656D612D696E7374616E63652220786D6C6E733A7873643D22687474703A2F2F7777772E77332E6F72672F323030312F584D4C536368656D612220786D6C6E733A61637469766974693D22687474703A2F2F61637469766974692E6F72672F62706D6E2220786D6C6E733A62706D6E64693D22687474703A2F2F7777772E6F6D672E6F72672F737065632F42504D4E2F32303130303532342F44492220786D6C6E733A6F6D6764633D22687474703A2F2F7777772E6F6D672E6F72672F737065632F44442F32303130303532342F44432220786D6C6E733A6F6D6764693D22687474703A2F2F7777772E6F6D672E6F72672F737065632F44442F32303130303532342F44492220747970654C616E67756167653D22687474703A2F2F7777772E77332E6F72672F323030312F584D4C536368656D61222065787072657373696F6E4C616E67756167653D22687474703A2F2F7777772E77332E6F72672F313939392F585061746822207461726765744E616D6573706163653D22687474703A2F2F7777772E61637469766974692E6F72672F74657374223E0A20203C70726F636573732069643D224C6561766542696C6C3222206E616D653D224C6561766542696C6C50726F636573732220697345786563757461626C653D2274727565223E0A202020203C73746172744576656E742069643D2273746172746576656E743122206E616D653D225374617274223E3C2F73746172744576656E743E0A202020203C757365725461736B2069643D22757365727461736B3122206E616D653D22E68F90E4BAA4E794B3E8AFB7222061637469766974693A61737369676E65653D22247B696E707574557365727D222061637469766974693A666F726D4B65793D22776F726B666C6F77416374696F6E5F61756469742E616374696F6E223E3C2F757365725461736B3E0A202020203C73657175656E6365466C6F772069643D22666C6F77312220736F757263655265663D2273746172746576656E743122207461726765745265663D22757365727461736B31223E3C2F73657175656E6365466C6F773E0A202020203C757365725461736B2069643D22757365727461736B3222206E616D653D22E7BB8FE7BAAAE4BABAE5AEA1E689B9222061637469766974693A61737369676E65653D22247B696E707574557365727D222061637469766974693A666F726D4B65793D22776F726B666C6F77416374696F6E5F61756469742E616374696F6E223E0A2020202020203C657874656E73696F6E456C656D656E74733E0A20202020202020203C61637469766974693A7461736B4C697374656E6572206576656E743D226372656174652220636C6173733D22636F6D2E61637469766974692E7461736B68616E646C65722E4D616E616765725461736B48616E646C6572223E3C2F61637469766974693A7461736B4C697374656E65723E0A2020202020203C2F657874656E73696F6E456C656D656E74733E0A202020203C2F757365725461736B3E0A202020203C73657175656E6365466C6F772069643D22666C6F77322220736F757263655265663D22757365727461736B3122207461726765745265663D22757365727461736B32223E3C2F73657175656E6365466C6F773E0A202020203C757365725461736B2069643D22757365727461736B3322206E616D653D22E88081E680BBE5AEA1E689B9222061637469766974693A61737369676E65653D22247B696E707574557365727D223E3C2F757365725461736B3E0A202020203C73657175656E6365466C6F772069643D22666C6F773322206E616D653D22E689B9E587862220736F757263655265663D22757365727461736B3222207461726765745265663D22757365727461736B33223E0A2020202020203C636F6E646974696F6E45787072657373696F6E207873693A747970653D2274466F726D616C45787072657373696F6E223E3C215B43444154415B247B6F7574636F6D653D3D27E689B9E58786277D5D5D3E3C2F636F6E646974696F6E45787072657373696F6E3E0A202020203C2F73657175656E6365466C6F773E0A202020203C656E644576656E742069643D22656E646576656E743122206E616D653D22456E64223E3C2F656E644576656E743E0A202020203C73657175656E6365466C6F772069643D22666C6F773422206E616D653D22E689B9E587862220736F757263655265663D22757365727461736B3322207461726765745265663D22656E646576656E7431223E0A2020202020203C636F6E646974696F6E45787072657373696F6E207873693A747970653D2274466F726D616C45787072657373696F6E223E3C215B43444154415B247B6F7574636F6D653D3D27E689B9E58786277D5D5D3E3C2F636F6E646974696F6E45787072657373696F6E3E0A202020203C2F73657175656E6365466C6F773E0A202020203C73657175656E6365466C6F772069643D22666C6F773522206E616D653D22E9A9B3E59B9E2220736F757263655265663D22757365727461736B3222207461726765745265663D22757365727461736B31223E0A2020202020203C636F6E646974696F6E45787072657373696F6E207873693A747970653D2274466F726D616C45787072657373696F6E223E3C215B43444154415B247B6F7574636F6D653D3D27E9A9B3E59B9E277D5D5D3E3C2F636F6E646974696F6E45787072657373696F6E3E0A202020203C2F73657175656E6365466C6F773E0A202020203C73657175656E6365466C6F772069643D22666C6F773622206E616D653D22E9A9B3E59B9E2220736F757263655265663D22757365727461736B3322207461726765745265663D22757365727461736B31223E0A2020202020203C636F6E646974696F6E45787072657373696F6E207873693A747970653D2274466F726D616C45787072657373696F6E223E3C215B43444154415B247B6F7574636F6D653D3D27E9A9B3E59B9E277D5D5D3E3C2F636F6E646974696F6E45787072657373696F6E3E0A202020203C2F73657175656E6365466C6F773E0A20203C2F70726F636573733E0A20203C62706D6E64693A42504D4E4469616772616D2069643D2242504D4E4469616772616D5F4C6561766542696C6C32223E0A202020203C62706D6E64693A42504D4E506C616E652062706D6E456C656D656E743D224C6561766542696C6C32222069643D2242504D4E506C616E655F4C6561766542696C6C32223E0A2020202020203C62706D6E64693A42504D4E53686170652062706D6E456C656D656E743D2273746172746576656E7431222069643D2242504D4E53686170655F73746172746576656E7431223E0A20202020202020203C6F6D6764633A426F756E6473206865696768743D2233352E30222077696474683D2233352E302220783D223239302E302220793D2236302E30223E3C2F6F6D6764633A426F756E64733E0A2020202020203C2F62706D6E64693A42504D4E53686170653E0A2020202020203C62706D6E64693A42504D4E53686170652062706D6E456C656D656E743D22757365727461736B31222069643D2242504D4E53686170655F757365727461736B31223E0A20202020202020203C6F6D6764633A426F756E6473206865696768743D2235352E30222077696474683D223130352E302220783D223235352E302220793D223134302E30223E3C2F6F6D6764633A426F756E64733E0A2020202020203C2F62706D6E64693A42504D4E53686170653E0A2020202020203C62706D6E64693A42504D4E53686170652062706D6E456C656D656E743D22757365727461736B32222069643D2242504D4E53686170655F757365727461736B32223E0A20202020202020203C6F6D6764633A426F756E6473206865696768743D2235352E30222077696474683D223130352E302220783D223235352E302220793D223233302E30223E3C2F6F6D6764633A426F756E64733E0A2020202020203C2F62706D6E64693A42504D4E53686170653E0A2020202020203C62706D6E64693A42504D4E53686170652062706D6E456C656D656E743D22757365727461736B33222069643D2242504D4E53686170655F757365727461736B33223E0A20202020202020203C6F6D6764633A426F756E6473206865696768743D2235352E30222077696474683D223130352E302220783D223235352E302220793D223332372E30223E3C2F6F6D6764633A426F756E64733E0A2020202020203C2F62706D6E64693A42504D4E53686170653E0A2020202020203C62706D6E64693A42504D4E53686170652062706D6E456C656D656E743D22656E646576656E7431222069643D2242504D4E53686170655F656E646576656E7431223E0A20202020202020203C6F6D6764633A426F756E6473206865696768743D2233352E30222077696474683D2233352E302220783D223239302E302220793D223432302E30223E3C2F6F6D6764633A426F756E64733E0A2020202020203C2F62706D6E64693A42504D4E53686170653E0A2020202020203C62706D6E64693A42504D4E456467652062706D6E456C656D656E743D22666C6F7731222069643D2242504D4E456467655F666C6F7731223E0A20202020202020203C6F6D6764693A776179706F696E7420783D223330372E302220793D2239352E30223E3C2F6F6D6764693A776179706F696E743E0A20202020202020203C6F6D6764693A776179706F696E7420783D223330372E302220793D223134302E30223E3C2F6F6D6764693A776179706F696E743E0A2020202020203C2F62706D6E64693A42504D4E456467653E0A2020202020203C62706D6E64693A42504D4E456467652062706D6E456C656D656E743D22666C6F7732222069643D2242504D4E456467655F666C6F7732223E0A20202020202020203C6F6D6764693A776179706F696E7420783D223330372E302220793D223139352E30223E3C2F6F6D6764693A776179706F696E743E0A20202020202020203C6F6D6764693A776179706F696E7420783D223330372E302220793D223233302E30223E3C2F6F6D6764693A776179706F696E743E0A2020202020203C2F62706D6E64693A42504D4E456467653E0A2020202020203C62706D6E64693A42504D4E456467652062706D6E456C656D656E743D22666C6F7733222069643D2242504D4E456467655F666C6F7733223E0A20202020202020203C6F6D6764693A776179706F696E7420783D223330372E302220793D223238352E30223E3C2F6F6D6764693A776179706F696E743E0A20202020202020203C6F6D6764693A776179706F696E7420783D223330372E302220793D223332372E30223E3C2F6F6D6764693A776179706F696E743E0A20202020202020203C62706D6E64693A42504D4E4C6162656C3E0A202020202020202020203C6F6D6764633A426F756E6473206865696768743D2234382E30222077696474683D2232342E302220783D2231302E302220793D22302E30223E3C2F6F6D6764633A426F756E64733E0A20202020202020203C2F62706D6E64693A42504D4E4C6162656C3E0A2020202020203C2F62706D6E64693A42504D4E456467653E0A2020202020203C62706D6E64693A42504D4E456467652062706D6E456C656D656E743D22666C6F7734222069643D2242504D4E456467655F666C6F7734223E0A20202020202020203C6F6D6764693A776179706F696E7420783D223330372E302220793D223338322E30223E3C2F6F6D6764693A776179706F696E743E0A20202020202020203C6F6D6764693A776179706F696E7420783D223330372E302220793D223432302E30223E3C2F6F6D6764693A776179706F696E743E0A20202020202020203C62706D6E64693A42504D4E4C6162656C3E0A202020202020202020203C6F6D6764633A426F756E6473206865696768743D2234382E30222077696474683D2232342E302220783D2231302E302220793D22302E30223E3C2F6F6D6764633A426F756E64733E0A20202020202020203C2F62706D6E64693A42504D4E4C6162656C3E0A2020202020203C2F62706D6E64693A42504D4E456467653E0A2020202020203C62706D6E64693A42504D4E456467652062706D6E456C656D656E743D22666C6F7735222069643D2242504D4E456467655F666C6F7735223E0A20202020202020203C6F6D6764693A776179706F696E7420783D223336302E302220793D223235372E30223E3C2F6F6D6764693A776179706F696E743E0A20202020202020203C6F6D6764693A776179706F696E7420783D223437352E302220793D223235372E30223E3C2F6F6D6764693A776179706F696E743E0A20202020202020203C6F6D6764693A776179706F696E7420783D223437352E302220793D223136372E30223E3C2F6F6D6764693A776179706F696E743E0A20202020202020203C6F6D6764693A776179706F696E7420783D223336302E302220793D223136372E30223E3C2F6F6D6764693A776179706F696E743E0A20202020202020203C62706D6E64693A42504D4E4C6162656C3E0A202020202020202020203C6F6D6764633A426F756E6473206865696768743D2234382E30222077696474683D2232342E302220783D2231302E302220793D22302E30223E3C2F6F6D6764633A426F756E64733E0A20202020202020203C2F62706D6E64693A42504D4E4C6162656C3E0A2020202020203C2F62706D6E64693A42504D4E456467653E0A2020202020203C62706D6E64693A42504D4E456467652062706D6E456C656D656E743D22666C6F7736222069643D2242504D4E456467655F666C6F7736223E0A20202020202020203C6F6D6764693A776179706F696E7420783D223235352E302220793D223335342E30223E3C2F6F6D6764693A776179706F696E743E0A20202020202020203C6F6D6764693A776179706F696E7420783D223134322E302220793D223335352E30223E3C2F6F6D6764693A776179706F696E743E0A20202020202020203C6F6D6764693A776179706F696E7420783D223134322E302220793D223236352E30223E3C2F6F6D6764693A776179706F696E743E0A20202020202020203C6F6D6764693A776179706F696E7420783D223134322E302220793D223136372E30223E3C2F6F6D6764693A776179706F696E743E0A20202020202020203C6F6D6764693A776179706F696E7420783D223235352E302220793D223136372E30223E3C2F6F6D6764693A776179706F696E743E0A20202020202020203C62706D6E64693A42504D4E4C6162656C3E0A202020202020202020203C6F6D6764633A426F756E6473206865696768743D2234382E30222077696474683D2232342E302220783D2231302E302220793D22302E30223E3C2F6F6D6764633A426F756E64733E0A20202020202020203C2F62706D6E64693A42504D4E4C6162656C3E0A2020202020203C2F62706D6E64693A42504D4E456467653E0A202020203C2F62706D6E64693A42504D4E506C616E653E0A20203C2F62706D6E64693A42504D4E4469616772616D3E0A3C2F646566696E6974696F6E733E, '0');
INSERT INTO `act_ge_bytearray` VALUES ('45006', '1', 'processes/leaveBill2.png', '45005', 0x89504E470D0A1A0A0000000D49484452000002FE000001CC0802000000225D3BD500002D0049444154789CEDDD7D6C5B57FDC7F1686BA957312D88410302E6C11FB30434169BD4FE45DD221A2301B3C4B49AFD512C4D6CAD26468510A4A02D88AD44084684C6D4C1562C507F184D692DED81B0B62394B60B7D48D376DDBC3EACDEFA30AF4F7369D2DE264E727E37F67AE7DA896B27F7DCE3E3F37EE9ABC88DAFAFEFF5F1FD9E4FAF1FD2240000008CD1A47A03000000BC43F40100000621FA00000083107D00008041883E0000C020441F00006010A20F00003008D10700001884E80300000C42F40100000621FA00000083107D00008041883E0000C020441F00006010A20F00003008D10700001884E80300000C42F40100000621FA00000083107D00008041883E0000C020441F00006010A20F00003008D10700001884E80300000C42F40100000621FA00000083107D00008041883E0000C020441F00006010A20F00003008D10700001884E80300000C42F40100000621FA00000083107D00008041883E0000C020441F00006010A20F00003008D10700001884E80300000C42F40100000621FA00000083107D00008041883E0000C020441F00006010A20F00003008D10700001884E80300000C42F40100000621FA00000083107D00008041883E0000C020441F00006010A20F00003008D10700001884E80300000C42F40100000621FA00000083107D80BA6059563299ECE8E8884422A1ABC2E1B0FD9B442291CD66556F20003408A20FA0989D78EC88E3F3F9ECD063079DEEEE0D9BB7BC52A8175E7CE991471E8D46A3CDCDCD0B172E8CC7E3AA371600B447F4019419181808854276E2B123CE486EB4726DDBBE63F9F2EF0583C1DEDE5ED51B0E001A23FA006A747676DA3966F39657AE1B7A8A6BF79EFE458B16AD58B1C2B22CD57B00005A22FA005EB3534B341A6D6F6FAF29F414D71F9E7A2A140A653219D5BB0200FA21FA009EB273CFC2850B1389C4B4738FF3FA97BD9E743AAD7A87004033441FC053D16874E6B9C779F1CB4E3FBCF205003521FA00DEE9ECEC9CC9EB5CE5D5DDBD211289A8DE2D00D009D107F0C8C0C04030187431F714EA81071E5CBB76ADEA9D03006D107D008FD8B967F79E7ED7A3CFF113276FBBCDCFCB5E005025A20FE08564321989445CCF3D857AF8E11F767575A9DE4500D003D107F0422814AAF52B7C6A3AF1D3D2D2A27A1701400F441F40BA6C36DBDCDC2C29F7146AC182057D7D7DAA7714003440F401A48BC7E3B1584C6AF4797CCD9AF6F676D53B0A001A20FA00D2AD58B162EDDAB552A3CFE62DAF844221D53B0A001A20FA00D285C3E16AFE40E94CEAC8D1A3B7DDE657BDA300A001A20F209DA48FB517D7C5C1219FCFA77A47014003441F40BA969696E3274E4A8D3E763535713803C0F5D12B01E90281C06B070F127D00A01ED02B01E9A47EA90FEFF501809A107D00E962B1D8B3EBD6498D3EDBB6EF58B06081EA1D05000D107D00E9BABABA1E7EF88752A38F1DAD962FFF9EEA1D05000D107D00E9D2E9B4DFEF971A7DDADADA7A7A7A54EF28006880E8037841EA3B9D2F0E0E353737F3C7DB01A01A441FC00B525FF3FAED134FD82B57BD8B00A007A20FE005CBB2FC7EBF8C6FF7B9383874DB6DFE4C26A37A1701400F441FC0238944E2DE65CB38E503006A117D00EF7CFBEEBBBBBB37B8987B5E3B78B0B5B5F5E2E090EA3D03006D107D00EF64B3D9050B16B8F57EE73367CFD9B9E7C8D1A3AA770B007442F4013C954AA5ECF463E79599E79E6FDF7DF70B2FBEA47A87004033441FC06B030303ADADADDBB6EF98C9EB5C767E22F700C034107D0005B2D9ECA2458B1E79E4D13367CFD5147A2E0E0EFDF689270AAF9AA9DE0900D012D10750C3B22C3BFADC7147C08E3276A0A926F73CBB6E9DBDFCC30FFFD00E4CAA371F007445F40154CA6432AB56AD6A6E6EFEF6DD77DBC966F79EFE92B863FF66FDFAFFBB77D9327B99E5CBBF974EA7556F3200E88DE803A867595632998CC562ADADAD4DD7B27F63E79E442291CD66556F26003402A20F508FEC18A47A1300A031117D807AD4D4C4B1090052D05E817A44F401004968AF403D22FA008024B457A01E117D004012DA2B508F883E002009ED15A847441F009084F60AD423A20F0048427B05EA11D1070024A1BD02F588E8030092D05E817A44F401004968AF403D22FA008024B457A01E117D004012DA2B508F883E002009ED15A847441F009084F60AD423A20F0048427B05EA11D1070024A1BD02F588E8030092D05E817A44F401004968AF403D22FA008024B457A01E117D004012DA2B508F883E002009ED15A847441F009084F60AD423A20F0048427B05EA11D1070024A1BD02F588E8030092D05E817A44F401004968AF403D22FA008024B457A01E117D004012DA2B508F883E002009ED15A847441F009084F60AD423A20F0048427B05EA11D1070024A1BD02F588E8030092D05E817A44F401004968AF403D22FA008024B457A05E2412093BF1F87CBE6030685F686969B17FCE9D3B37954AA9DE3400681C441FA05E6CDCB8B1A9CCE2C58B93C9A4EA4D0380C641F401EA85655973E6CC29CE3DF3E7CF6F6969C966B3AA370D001A07D107A823AB57AF9E356B96137D56AE5CD9DEDEAE7AA300A0A1107D80FA326FDEBC42EE59B66C99DFEFB72C4BF51601404321FA00F565EBD6ADB367CFB6A34F381CE65D3E00E03AA20F5077962C5952883EAA3704001A10D107A83B994CC68E3E7CA61D006420FA00F588AF3404004968AFC0872CCB4A2412D16834140AF9FDFEF26FD93184BDEFF623108944E2F1381FAD07D060883EC0077A7A7AEC29DFCE3DEBD7AFDFBC65CB91A34747723933CBDE77FB11E8EEEE5EBE7CB9FD98D80148F5E000806B883E80C866B3B158ACADADEDF889E323B911AAB8CE9C3D630720FBC1C96432AA070A005C40F481E9ECDC130C069F5DF7CC486E989AAA5E78F185050B16A4D369D5C305003345F481E962B1583EF75CA12AD7E62D9B162DFAAAEAE102809922FAC0683D3D3D6D6D4B73A316554DFDE4A73F5EB3E631D58306003342F481B92CCBF2FBFD274EA673A397A96A6A70E8FDD6D6F97CE11000AD117D60AE783C1E8BC572A3979C5A1CFE66951FFF2EBE9551B566CD2FF98BAA00B446F481B9229148F786BF7F987B96B6BD2BC4DB63E2704EBC3E2CF60D8BDD83A35D1B5E79F9E4859D23E2BF96D869896D97C4A62BE2F7DB0E3CB0E241E5294449EDE9EF0B0683AA870E00A68FE803730502818307F7E646870AD5D4D43428C4D0B8B8302ACE8F884B42FCE8678F36DDF0D1854B232773E2F8B0387E45A42D7164543CF7EABEFC899F21036B70E89CCFE7533D7400307D441F98ABB9B9F9ECB993B9D1C142D969E6D298181E9BB86A747CE2E7F32FFDF3D35FF8D2CF1FFFEDA8101747C5859C389F13592136EDDA9F8F3E836656137F640380CE686130573EBE5C74CAFEE7D0A83877598C8C7DB040369BFDDD934F3FF69B278F9F9AF836BFDCB818C947A21D7BF695DCD6A822FA00D01A2D0CE6CAC797FF3935117DC6C4994BE2BD4191136264783870C71D4D4D373635F9EEF9EEF2E21BEEEEDF5B725BA38AE803406BB430982B1F5F2E385578C1EBDC6571EAA2387D45EC3EF8D6BC79F36E9CF5919B6EB9357ADF35D167D79EFE92DB1A55441F005AA385C15CF9F89275CAFEE7E57171DE9A38EB73E68AD8B22BF5E5D63B6FFDC4276F69FED8D37F79EE8A1083C3E2D2F0C40DB7F5ED2AB9AD5145F401A0355A18CC654FE1A3A3EF3B5598D1EDF4732127DE1F11A72EE6761C48B77EE5AEC55FFFC6E961F19E254E5BE2DCB0B0C3CFB69DBB4A6E6B54117D00688D16067395C497D0E245FBDF38BCFB40AA6F20B5BD3FB57DEFA11DFB8FFE6BE7EBAF1E38B6B5FFD07FFADFDCBEF7CDBE7D870E1C7EE7A93FAEBB77D9BDCA2308D10700A681160673E5A3CFF9E27AE8A107ABF92AE7EFDC734FC90D8D2AA20F00ADD1C260AE7CF43947D55A441F005AA385C15C13D167EC2C556B117D00688D160673E5A3CF19AAD622FA00D01A2D0CE6CA479FD354AD45F401A0355A18CC958F3EEF51B516D10780D6686168708944229D4E4F7A553EFA64A85A6BAAE853E1A10680FA41F441233B74E850E1E3E837DF7C73777777C9B5441F57A24F369BBDEFBEFB0A8FF3A73EF529D20F803A47F44123B32CEB861B6E28CCCAB367CFFEE217BF583C31E7A3CFBB54AD551C7DD6AE5DEBF3F90A8FB07DA1A5A52593C928186900A81AD1070DCE9E8C8BBF8DF0A69B6EBAFFFEFBED4824F2D1676CEC14556B15A24F2A95FAFCE73F5FFCD82E5CB8D0EFF7AB1E7000B80EA24F23B027F2DEDEDE8E8E8ED055F60C54CDB712636CEC24556BD98F9BFD1C533D74DAB00F46E7C0B40FD29E9E9E6C36ABBA67004623FAE8CD4E3C9148C4E7F315BA6AEF55BCDFC271CB2DB738935024CF7EAC52A994F8E0ACCF09AAD66ACA9FF5B19F635FFBDAD73EFBD9CF3A0FEFCD37DF1C0C06550F78DDB11F28E7C0B40FD27038DCDCDC6C3F0993C9A4EA4D030C45F4D155269329FC3F92065A81FDDFEBC2AC1C0804BEFFFDEFDB3F138984736D3EFA1C9751CE9A4B4E00545EB89A155EF7F7F276AAF82E9CC7B0A7A7E7B6DB6EFBCC673E53D8C13973E6145E4C446585FFB4D849B190C2017889E8A3257BBEB16771BB7BAADE907AF7F6DB6FFB7C3EFBFFD97EBFBFBDBDBDE485867C4A784746396B2EBE8BE25F56566185535D55E57ADCDABBE287D1CE3A1D1D1D9FFBDCE7EC89DCFE393030E0ED206BCC7EACEC07AD388E03F000D1473FC96432140AF176812AD90F573C1E9FF4154019E1A0247954CE229306A34957557DA6919778A68A3E05F6236C3FCE9C83AC951D1CA3D1A8FDD0A9DE10C020441FCDD8138CFDDF44728F2BF229E16D19E5ACB9F82E4AEEAEFCDE2B2C50613DCE2F274B48B2F64EF5D035143BFDD8FF99E9EBEB53BD21802968619A59B870212DD22D13E1603C2DA33E481E572F7C98458A16707E56F8CD94677DAEBD9792BB96B453C577A17AE81A8DFD5F9A4020C0DBA4006FD0C274924C26239188EAAD681CF99470CCF5BA9A482A2D5072A1E472E56B27BD3C4542727FEF0AF7A57AE81AD0AA55ABBABABA546F0560045A984EC2E1704F4F8FEAAD681CF970F096BB5558A7F373B23852BA70F9E5CAD7D67A59C63EAA1EBA06944AA5028180EAAD008C400BD346269369696951BD150D259F0F8ECA2867CD850B15EEA8C202155FF02ABDA3F2E525ED5AE18E540F5D63E2E56CC01BB4306DF06A97EBF2F9E0888C72D65CB85014472A2D5CCD0A27FD7DF1CFEAD73993BD533D748D89D7BC006FD0C2B4415B745D3E1F1C965185353B3FA7BA23E7AA0ACB14AFB0C21A9CCB45314BCAAE15EE48F5D03526FE7B03788316A68D5028C47718BA4B463E98347C94FC72AA745221B554883ED7BD4CF4D1056FF701BC410BD306EF03709D3D858F8F1FA26A2DA28F24E974DAEFF7ABDE0AA0F1D1C2B461F744FE28A9BBF2D1E74DAAD622FAC8C3630B7880C34C1BCDCDCD7C89B3BBF2D12745D55A4CCFF2F0D8021EE030D3063DD175F9E8F306556BF1549487C716F000879936E889AEF3F97C972FEF1D1F7F9DAAA9782ACAC3630B7880C34C1BF444D7F9FDFE63C75E1E1F3F48D5543C15E5E1B1053CC061A60D7AA2EBC2E1F03F7AD68E8BD7A8EAEB8DD4F37C005B1E0E73C0031C66DAA027BAAEB3B3B3BDFD7EE56142AFFA73FCF1582CA67AE81A168739E0010E336DD0135D974EA70381DB2F5BBBC7C501AACA8A4496249349D543D7B038CC010F709869839E2843C78415E3623F554DFD2DF1EB6834AC7AD01A198739E0010E336DD01365B02C2B14BAABAFEFAF42ECA32A5726B32510B83D9BDDA67AD01A198739E0010E336DD0132549A552C1E01DA9545288016AAAB2738F9D117B7B9F513D5C0D8EC31CF000879936E889F2F4F5F5D9E9A7B3F30742ECA5CA2B997C2210F0F7F6FE49F540353E0E73C0031C66DAA0274A6559567B7B2C14BA331EFF4526B349887E2A9BFD7722F1AB68B42D1209D997550F911138CC010F709869839EE881DEDEDE58EC5B2D2D1F6F42535373F3CDD1E8523BFDA81E168334719803F2719869839E6814BE3BC74C1CE6800738CCB4414F340AC36D26C61DF000879936E8894661B8CDC4B8031EE030D3063DD1280CB7991877C0031C66DAA0271A85E13613E30E7880C34C1BF444A330DC6662DC010F709869839E681486DB4C8C3BE0010E336DD0138DC2709B8971073CC061A60D7AA251186E3331EE800738CCB4414F340AC36D26C61DF000879936E8894661B8CDC4B8031EE030D3063DD1280CB7991877C0031C66DAA0271A85E13613E30E7880C34C1BF444A330DC6662DC010F709869839E681486DB4C8C3BE0010E336DD0138DC2709B8971073CC061A60D7AA251186E3331EE800738CCB4414F340AC36D26C61DF000879936E8894661B8CD5479DC9B8A942C5C72B902791B0FE882C3401BF42CA330DC66AA72DC9DC5CA3350E595F0BC0204D14723F42CA330DC66BAEEB84F7ABE87E803D484C3401BF42CA330DC66AA35FA945F285EA6FC752E9E578020FA68849E651486DB4C35459FA94EF654782710CF2B40107D3442CF320AC36DA66AA2CFA46F589EF4AC4FF9B53CAF0041F4D1083DCB280CB799AA1FF7A95EF912BCE0055C0F878136E8594661B8CD54CDB817A7990AAF7C71D607980A878136E8590D2F9148D8A3ECF3F982C1A07DA1A5A5C5FE3977EEDC542AA57AD3E091CA87F9A4E76FCA6FC227BC80CA380CB441CF6A781B376E6C2AB378F1E26432A97AD3E091E9BDE0557ED6A702D7B719D00E878136E8590DCFB2AC3973E614CF52F3E7CF6F6969C966B3AA370D1EA9FE6DCEA2EC25AD6A5ED5A28D0082E8A3117A960956AF5E3D6BD62C677A5BB972657B7BBBEA8D827738CC010F709869839E688879F3E61572CFB265CBFC7EBF6559AAB708DEE130073CC061A60D7AA221B66EDD3A7BF66C7BB8C3E130EFF2310D8739E0010E336DD013CDB164C99242F451BD21F01A8739E0010E336DD013CD91C964ECE1E633ED06E230073CC061A60D7AA251186E3331EE800738CCB4414FF48065598944221A8D864221BFDF5FF9FB511A98BDEFF623108944E2F1381FADF752138739201F879936E889B2F5F4F4D853BE9D7BD6AF5FBF79CB9623478F8EE4726696BDEFF623D0DDDDBD7CF972FB31B10390EAC131058739E0010E336DD013E5C966B3B158ACADADEDF889E323B911AAB8CE9C3D630720FBC1C96432AA07AAF17198031EE030D3063D51123BF70483C167D73D33921BA6A6AA175E7C61C18205E9745AF57035380E73C0031C66DAA0274A128BC5F2B9E70A55B9366FD9B468D157550F5783E330073CC061A60D7AA20C3D3D3D6D6D4B73A316554DFDE4A73F5EB3E631D583D6C838CC010F709869839EE83ACBB2FC7EFF8993E9DCE865AA9A1A1C7ABFB5753E5F38240F8739E0010E336DD0135D178FC763B1586EF492538BC3DFACF2E3DFC5B732AAD6ACF9257F51551E0E73C0031C66DAA027BA2E1289746FF8FB87B96769DBBB42BC3D260EE7C4EBC362DFB0D83D38DAB5E195974F5ED83922FE6B899D96D876496CBA227EBFEDC0032B1E549E4294D49EFEBE6030A87AE81A168739E0010E336DD0135D1708040E1EDC9B1B1D2A94FD080F0A31342E2E8C8AF323E292103FFAD9A34D377C74E1D2C8C99C383E2C8E5F11694B1C1915CFBDBA2F7FE267C8C01A1C3AE7F3F9540F5DC3E230073CC061A60D7AA2EB9A9B9BCF9E3B991B1D2C94FD085F1A13C36313578D8E4FFC7CFEA57F7EFA0B5FFAF9E3BF1D15E2E2A8B89013E773222BC4A65DFBF3D167D0CCE2A9280F8F2DE0010E336DD0135D978F2F179DB2FF39342ACE5D1623631F2C90CD667FF7E4D38FFDE6C9E3A726BECD2F372E46F29168C79E7D25B735AA782ACAC3630B7880C34C1BF444D7E5E3CBFF9C9A883E63E2CC25F1DEA0C80931323C1CB8E38EA6A61B9B9A7CF77C7779F10D77F7EF2DB9AD51C553511E1E5BC0031C66DAA027BA2E1F5F2E385578C1EBDC6571EAA2387D45EC3EF8D6BC79F36E9CF5919B6EB9357ADF35D167D79EFE92DB1A553C15E5E1B1053CC061A60D7AA2EBF2F125EB94FDCFCBE3E2BC3571D6E7CC15B16557EACBAD77DEFA894FDED2FCB1A7FFF2DC15210687C5A5E1891B6EEBDB55725BA38AA7A224994CA6A5A545F556008D8F16A60DE61BD7D90FE9E8E8FB4E151E613BFD5CC889F747C4A98BB91D07D2AD5FB96BF1D7BF717A58BC6789D39638372CECF0B36DE7AE92DB1A553C152549A7D37EBF5FF556008D8F16A60DE61BD795C497D0E245FBDF38BCFB40AA6F20B5BD3FB57DEFA11DFB8FFE6BE7EBAF1E38B6B5FFD07FFADFDCBEF7CDBE7D870E1C7EE7A93FAEBB77D9BDCA2308D1A7C1F4F4F484C361D55B01343E5A9836986F5C978F3EE78BEBA1871EACE6AB9CBF73CF3D253734AA782A4AD291A77A2B80C6470BD306F38DEBF2D1E71C556BF15494241C0EF7F4F4A8DE0AA0F1D1C2B4C17CE3BA89E8337696AAB5782ACA90C964FC7EBF6559AA3704687CB4306D30DFB82E1F7DCE50B5164F4519BABABA56AD5AA57A2B0023D0C2B4C17CE3BA7CF4394DD55A3C155D675996DFEFCF6432AA370430022D4C1BCC37AECB479FF7A85A8BA7A2EB62B1583C1E57BD1580296861DA60BE715D3EFA64A85A8BA7A2BBBABABA56AC58A17A2B0083D0C2B4C17CE33AA20FD1472DCBB262B118B907F0182D4C1BCC37AECB479F77A95A8BA7E2CC65B3D9AEAE2EBFDFCFEB5C80F76861DA60BE719DFD908E8D9DA26A2D9E8AD3D6DBDBDBD9D9198944ECD0B36AD52ADED70C28410BD306F38DEBF2D1E724556BD98F5B2814AAE66BAF51C27EDCDADBDB93C964369B55FDF407CCC56CAA8D26A28FDB9A26A2CF09AAD6E2A908406BB4306D30DFB82E1F7D8ECFBC0AEB29FF2F7EF93293DEB0FADF57B98C7355F905B7F657F5D001C0F4D1C2B4C17CE3BA7C207867E655BE9E0ABF992C215D7F8593DE70AAF514DF578515CE647F550F1D004C1F2D4C1BCC37AE732510549333A6BA6AAA0DA83E0F955C5B9284883E00508E16A68DCAF34DF19C57B270C9E50AE46D7C7DCA0782B76752CE1A8A2F5C4D1E532E537E5595BFAF729949B7AACAD556B9D7AA870E00A68F16A68D2AE71B67B1F20C54792506CE671351603C3D93FA30E85CFD67F155532D73CDB99929565BF9EECA4D7A73E7AA0AF735BDBD563D7400307DB4306D5C77BE29CF3AE5E772883EC5F269E0D8CCABB09EF2B539BF29BEEABA773AD5DA2AACA764E1AB4167F20D70657F550F1D004C1F2D4C1BB5469FF20BC5CB14AB72FD8D271F08DE9A611556E2FCBCF64CCC870B145F5BFD0ACBAF9AFAACCF2477517EC19532F0A902A091D0C2B45153F499EA64CFA46786AA5C7FE3C90782A333A9A2A871CD2F2B2C73DD85A7BAAAC2B553AD64AA3B9DF95EAB1E3A00983E5A9836AA893E252772CA6F48F429960F04475CA9ABE1E683CB9597ACF29FE5EBA978D6679295142E380BB8B5BF063E550034125A9836AA9F6F9AA678E54BF082D7B5F251E0F04CAA28795CF3CBA9962CBFB6F89FE537ACB085D55C5572A733DF5F67B5AA870E00A68F16A68D6AE69BE234537E8267D25F127DDCAA294EC67C983FA65A72D265CA335335D1A7248A956420A20F0008A28F462ACF37939EBF29BF49859518389FD9BB3C3E7E88AAB50C7CAA006824B4306D543FDF543EEB5381EBDB5CE7F2D1E74DAAD632F0A902A091D0C2B471DDF9A6FCD5AEE2DF5F772506CE67F9E893A26A2D039F2A001A092D4C1BCC37AECB479F37A85A8BA72200ADD1C2B4C17CE33A9FCF77F9F2DEF1F1D7A99A8AA72200ADD1C2B4C17CE33ABFDF7FECD8CBE3E307A99A8AA72200ADD1C2B4C17CE3BA7038FC8F9EB5E3E235AAFA7A23F57C2010503D7400307DCCA6DA20FAB8AEB3B3B3BDFD7EE56142AFFA73FCF1582CA67AE80060FA984DB541F4715D3A9D0E046EBF6CED1E1707A82A2B1259924C26550F1D004C1FB3A936883E32744C58312EF653D5D4DF12BF8E46C3AA070D006684D9541B441F192CCB0A85EEEAEBFBAB10FBA8CA95C96C09046ECF66B7A91E3400981166536D107D2449A552C1E01DA9545288016AAAB2738F9D117B7B9F513D5C003053CCA6DA20FAC8D3D7D767A79FCECE1F08B1972AAF64F28940C0DFDBFB27D50305002E6036D506D1472ACBB2DADB63A1D09DF1F82F32994D42F453D9ECBF13895F45A36D9148C8BEAC7A8800C01DCCA6DA20FA78A0B7B73716FB564BCBC72BFF9D57433437DF1C8D2EB5D38FEA61010037319B6AA389E86312BE3B0700246136D506D1C7280C370048427BD50673A151186E009084F6AA0DE642A330DC002009ED551BCC854661B8014012DAAB36980B8DC270038024B4576D30171A85E106004968AFDA602E340AC30D0092D05EB5C15C6814861B0024A1BD6A83B9D0280C370048427BD50673A151186E009084F6AA0DE642A330DC002009ED551BCC854661B8014012DAAB36980B8DC270038024B4576D30171A85E106004968AFDA602E340AC30D0092D05EB5C15C6814861B0024A1BD6A83B9D0280C370048427BD50673A151186E009084F6AA0DE642A330DC002009ED551BCC854661B8014012DAAB36980B8DC270038024B4576D30171AA59AE1769629BF30D5C23C8B00803EA80D262DA3CC3CFA94641DA20F0014D007B5C1A46594CAC3DD54444C7DD6A7788172D2B61D00EA1AED4F1BCC554699C9599FEB9EFB010093D107B5C1A465945AA34FF1D99D9205263DE5C3D30980B1687FDA60AE324A95D1E7BA2F784D7501008C451FD406939651AA7CAF4FC9C225A77C883E00508E3EA80D262DA3B8F2E1F69257C478C10B0004D14723CC55469946F4A9F0FA17677D00C0411FD406939651A6FD366741F401808AE883DA60D232CAB4DFEB33E98B59BCE005000EDA9F3698AB1A5E2291B047D9E7F3058341FB424B4B8BFD73EEDCB9A9544AF5A60140E36036D506D1A7E16DDCB8B1FCDCCCE2C58B93C9A4EA4D0380C6C16CAA0DA24FC3B32C6BCE9C39C5B967FEFCF92D2D2DD96C56F5A60140E36036D506D1C704AB57AF9E356B96137D56AE5CD9DEDEAE7AA300A0A1309B6A83E8638879F3E61572CFB265CBFC7EBF6559AAB708001A0AB3A936883E86D8BA75EBECD9B3EDE10E87C3BCCB07005CC76CAA0DA28F39962C5952883EAA3704001A10B3A936883EE6C86432F670F39976009081D9541B441FA330DC002009ED551BCC851EB02C2B914844A3D15028E4F7FB27FD126413D8FB6E3F029148241E8FF3D17A000D86D9541B4D441FC97A7A7AEC29DFCE3DEBD7AFDFBC65CB91A34747723933CBDE77FB11E8EEEE5EBE7CB9FD98D80148F5E000806B984DB541F491279BCDC662B1B6B6B6E3278E8FE446A8E23A73F68C1D80EC072793C9A81E28007001B3A936883E92D8B927180C3EBBEE9991DC303555BDF0E20B0B162C48A7D3AA870B00668AD9541B441F4962B1583EF75CA12AD7E62D9B162DFAAAEAE10280996236D506D147869E9E9EB6B6A5B9518BAAA67EF2D31FAF59F398EA410380196136D506D1C7759665F9FDFE1327D3B9D1CB54353538F47E6BEB7CBE700880D6984DB541F4715D3C1E8FC562B9D14B4E2D0E7FB3CA8F7F17DFCAA85AB3E697FC4555005A6336D506D1C7759148A47BC3DF3FCC3D4BDBDE15E2ED317138275E1F16FB86C5EEC1D1AE0DAFBC7CF2C2CE11F15F4BECB4C4B64B62D315F1FB6D071E58F1A0F214A2A4F6F4F7058341D5430700D3C76CAA0DA28FEB0281C0C1837B73A34385B21FE1412186C6C58551717E445C12E2473F7BB4E9868F2E5C1A399913C787C5F12B226D8923A3E2B957F7E54FFC0C19588343E77C3E9FEAA10380E96336D506D1C775CDCDCD67CF9DCC8D0E16CA7E842F8D89E1B189AB46C7277E3EFFD23F3FFD852FFDFCF1DF8E0A7171545CC889F339911562D3AEFDF9E8336866F15404A0355A9836986F5C978F2F179DB2FF39342ACE5D1623631F2C90CD667FF7E4D38FFDE6C9E3A726BECD2F372E46F29168C79E7D25B735AA782A02D01A2D4C1BCC37AECBC797FF3935117DC6C4994BE2BD4191136264783870C71D4D4D373635F9EEF9EEF2E21BEEEEDF5B725BA38AA72200ADD1C2B4E1F3F92CCB52BD150D251F5F2E385578C1EBDC6571EAA2387D45EC3EF8D6BC79F36E9CF5919B6EB9357ADF35D167D79EFE92DB1A55441F005AA38569C3EFF7F36704DC958F2F59A7EC7F5E1E17E7AD89B33E67AE882DBB525F6EBDF3D64F7CF296E68F3DFD97E7AE0831382C2E0D4FDC705BDFAE92DB1A55441F005AA3856923180C0E0C0CA8DE8A86624FE1A3A3EF3B5598D1EDF4732127DE1F11A72EE6761C48B77EE5AEC55FFFC6E961F19E254E5BE2DCB0B0C3CFB69DBB4A6E6B54117D00688D16A68D5028D4DBDBAB7A2B1A4A497C092D5EB4FF8DC3BB0FA4FA0652DBFB53DBF71EDAB1FFE8BF76BEFEEA81635BFB0FFDA7FFCDED7BDFECDB77E8C0E1779EFAE3BA7B97DDAB3C82107D00601A6861DA88C562F1785CF55634947CF4395F5C0F3DF460355FE5FC9D7BEE29B9A15145F401A0355A98360A7F7541F55634947CF43947D55A441F005AA3856923954A050201D55BD15026A2CFD859AAD622FA00D01A2D4C27BCD3D95DF9E87386AAB5883E00B4460BD3495757D7AA55AB546F45E3C8479FD354AD45F401A0355A984E2CCBF2FBFD994C46F58634887CF4798FAAB5883E00B4460BD34C6F6F6F281452BD150D221F7D3254AD45F401A0355A987E3A3A3A78D9CB15441FA20F0003D1C2B4D4DEDE1E0E87B3D9ACEA0DD15B3EFABC4BD55A441F005AA385E9AAA7A7C7EFF7777474F0D69F69B3A7F0B1B15354AD45F401A0355A98C6B2D9AC1D7DEC00140E87ED0B92FECC45AF4BE2F178874B422EC9479F9354AD45F401A0355A98F62CCBEAE9E92904826AFE0843ADDCCA19B158CCADE8E3561ACB479F1354AD45F401A0355A18CC958F3EC7A556E5BB28BEB6FA25A7BAAAFC82BC9D523D7400307DB430982B1F11DE915AC57731E9DD157E597ED575CFC695AFB6FC82BC9D523D7400307DB430984B5244B86E58A966B1CADBE604A6E25B117D00A01AB430982B1F11DE965A85BB98F48EAAFF6585DF175F557241DEDE117D00688D1606734D8483F1B4BB75FD17AA8A969CF4E6D5AC6AD29B3857952FE3FA3EAA1E3A00983E5A18CC95CF07C7A45685BB983AD64C72DBA92E3BEB29FEBDECFD22FA00D01A2D0CE6CA4784B7E495B3FEABE9A4E69B4F1D8FAE59A0FCEE64EF97EAA10380E9A385C15CF9887054525D9B54A65CC6F9597CA1FC9F535D9EF4E652F7ABB07ED5430700D3470B83B9F211E1888C2AACB964FDC5FF2C59A0FC42E1F2D4677D2659ADB3CE49EFDDDDBD533D7400307DB430982B1F0E0EBB5B5793C707974BAE2AB93CE902936E55854D2DBEBBE235C8D83BE78E540F1D004C1F2D0CE692170E8AB3C8B5676B26092BE50B54197DAEBB5AA20F0094A385C15CF6143E3E7E88AAB5883E00B4460B83B9F2D1E74DAAD622FA00D01A2D0CE6CA479F14556B117D00688D160673E5A3CF1B54AD45F401A0355A18CCE5F3F92E5FDE3B3EFE3A5553117D00688D160673F9FDFE63C75E1E1F3F48D554441F005AA385C15CE170F81F3D6BC7C56B54F5F546EAF94020A07AE80060FA883E30576767677BFBFDCAC3845EF5E7F8E3B1584CF5D001C0F4117D60AE743A1D08DC7ED9DA3D2E0E50555624B224994CAA1E3A00983EA20F8CD63161C5B8D84F55537F4BFC3A1A0DAB1E34009811A20F8C6659562874575FDF5F85D84755AE4C664B20707B36BB4DF5A001C08C107D60BA542A150CDE914A258518A0A62A3BF7D819B1B7F719D5C305003345F401445F5F9F9D7E3A3B7F20C45EAABC92C92702017F6FEF9F540F1400B880E8034CB02CABBD3D160ADD198FFF2293D924443F95CDFE3B91F85534DA168984ECCBAA870800DC41F4013ED4DBDB1B8B7DABA5E5E34D686A6A6EBE391A5D6AA71FD5C302006E22FA00F588EFCE010049883E403D6AE28F4500801CB457A01E117D004012DA2B508F883E002009ED15A847441F009084F60AD423A20F0048427B05EA11D1070024A1BD02F588E8030092D05E817A44F401004968AF403D22FA008024B457A01E117D004012DA2B508F883E002009ED15A847441F009084F60AD423A20F0048427B05EA11D1070024A1BD02F588E8030092D05E817A44F401004968AF403D22FA008024B457A01E117D004012DA2B508F883E002009ED15A847D5441F6799F20B532D4CA20200FA20508F661E7D4AB20ED107000AE883403DAA9C519A8A88A9CFFA142F504EDAB603405DA3FD01F56826677DAE7BEE07004C461F04EA51ADD1A7F8EC4EC902939EF22103013016ED0FA84755469FEBBEE035D5050030167D10A84755BED7A764E192533E441F0028471F04EA912B1F6E2F79458C17BC0040107D80FA348DE853E1F52FCEFA0080833E08D48B44226147139FCF170C06ED0B2D2D2DF6CFB973E7A652A949979FF46DCE82E8030015D107817AB171E3C6F297A5162F5E9C4C264B96ACF05E9F495FCCE2052F0070D0FE807A6159D69C39738AD3C9FCF9F35B5A5AB2D9ACEA4D0380C641F401EAC8EAD5AB67CD9AE5449F952B57B6B7B7ABDE28006828441FA0BECC9B37AF907B962D5BE6F7FB2DCB52BD4500D050883E407DD9BA75EBECD9B3EDE8130E87CBDFE503009821A20F5077962C5952883EAA3704001A10D107A83B994CC68E3E537DA61D003013441FA01EF1E173009084F60AD405CBB292C9644747472412095D150E87EDDFC4E3F14C26A37A0301A041107D00C5ECC463C79D49BF75B05830185CBB762D1FF802801922FA00CAF4F6F62E5CB8F0BAA1A798DFEFE7635F003013441F4001CBB262B158F9799D9FFCE4A7DDDD1B366F79C5A9471E79B4ADADAD64C94824C2573C03C0F4107D00AF65329992933D0F3FFCC323478F8EE446A7AA3367CFFDE1A9A70A7FD0D439FD333030A07A5700403F441FC053E974DA4E2D4E820987C395434F49007AE491479DDBFA7CBEBEBE3ED53B04009A21FA00DEB12CABF87CCFE36BD654197A8A6BFDFAFFB3438F73EE870F7F01404D883E8077A2D1A8937BBABB374C23F7146AF79EFEE6E6E6C27A42A190EADD02009D107D008F2493C9199EEF29AE175E7CC9595B575797EA9D03006D107D008F048341E7FD3D33CC3D8572DEF7D3D2D2C2F7FD004095883E8017128984F3DEE4E3274EBA127D2E0E0E399FF95AB56A95EA5D04003D107D002F844221E773ECAEE49E423DBB6E5D61B5CDCDCDAA771100F440F401A4CB66B3CEFB72DC3AE5E3D46DB77DF051F9DEDE5ED53B0A001A20FA00D2C5E371E7D358EEE61EBB1E78E0C1C2CADBDBDB55EF28006880E80348B762C50AB73ED8555E9BB7BC5258F9C2850B55EF28006880E80348170E870BE9E485175F723DFA1C397AD4F97A43D53B0A001A20FA00D2391F6BDFBDA7DFF5E86397F34622D53B0A001AA05702D2391F41AFFECF75D554CEFA55EF280068805E09481708040AD1E4B5830765441FE74F7AA9DE5100D000BD1290CEF9529FCD5B5E713DF79C397B8EAFF60180EA117D00E962B158219DFCE1A9A75C8F3EAF1D3C585879301854BDA300A001A20F205D676767219D2C5FFE3DD7A3CFE36BD614561E8D4655EF28006880E80348974AA59CD7A42E0E0EB91B7D162D5A5458793C1E57BDA300A001A20FE005BFFF833F37D1DDBDC1C5DCE37CA98F2D9BCDAADE4B00D000D107F0427B7B7B21A0B4B6B6BA78E2E7DB77DF5D586D241251BD8B00A007A20FE0856C36EB7CFB8E5B7FCE62DBF61DCE299F818101D5BB08007A20FA001EE9EAEA2AC4149FCF37F34FB91F397AD4C9522B56AC50BD7300A00DA20FE09D850B1716C28A9D5A66F2CDCE1707875A5B5B9D55653219D57B0600DA20FA00DE49A7D3CDCDCD4E6499DE9FF43A7EE2A4937B7C3E5F6F6FAFEADD02009D107D004FD949C579838E1D5C6AFD92C36DDB7738AF73D9BABABA54EF10006886E803782D994C3AE77E0A9FF97AE1C597AA39D973EFB2654D45C83D00300D441F4081542AE5FC4D5327003DF2C8A3E57FDFD44E3C7F78EAA9B6B6B6E285EDE4C4EB5C00303D441F408D6C36DBD1D1E1FCD1F5120B162C98EAAA6834CAFB9A0160DA883E804A768871FEB8E9758542A1BEBE3ED59B0C007A23FA00EA5996954824EC0C140C064BE28EDFEF8F44226BD7AEE54C0F00B882E80300000C42F40100000621FA00000083107D00008041883E0000C020FF0FD6724F81D9B1FE2E0000000049454E44AE426082, '0');
INSERT INTO `act_ge_bytearray` VALUES ('45007', '1', 'processes/leaveBill2.bpmn', '45005', 0x3C3F786D6C2076657273696F6E3D22312E302220656E636F64696E673D225554462D38223F3E0A3C646566696E6974696F6E7320786D6C6E733D22687474703A2F2F7777772E6F6D672E6F72672F737065632F42504D4E2F32303130303532342F4D4F44454C2220786D6C6E733A7873693D22687474703A2F2F7777772E77332E6F72672F323030312F584D4C536368656D612D696E7374616E63652220786D6C6E733A7873643D22687474703A2F2F7777772E77332E6F72672F323030312F584D4C536368656D612220786D6C6E733A61637469766974693D22687474703A2F2F61637469766974692E6F72672F62706D6E2220786D6C6E733A62706D6E64693D22687474703A2F2F7777772E6F6D672E6F72672F737065632F42504D4E2F32303130303532342F44492220786D6C6E733A6F6D6764633D22687474703A2F2F7777772E6F6D672E6F72672F737065632F44442F32303130303532342F44432220786D6C6E733A6F6D6764693D22687474703A2F2F7777772E6F6D672E6F72672F737065632F44442F32303130303532342F44492220747970654C616E67756167653D22687474703A2F2F7777772E77332E6F72672F323030312F584D4C536368656D61222065787072657373696F6E4C616E67756167653D22687474703A2F2F7777772E77332E6F72672F313939392F585061746822207461726765744E616D6573706163653D22687474703A2F2F7777772E61637469766974692E6F72672F74657374223E0A20203C70726F636573732069643D224C6561766542696C6C3222206E616D653D224C6561766542696C6C50726F636573732220697345786563757461626C653D2274727565223E0A202020203C73746172744576656E742069643D2273746172746576656E743122206E616D653D225374617274223E3C2F73746172744576656E743E0A202020203C757365725461736B2069643D22757365727461736B3122206E616D653D22E68F90E4BAA4E794B3E8AFB7222061637469766974693A61737369676E65653D22247B696E707574557365727D222061637469766974693A666F726D4B65793D22776F726B666C6F77416374696F6E5F61756469742E616374696F6E223E3C2F757365725461736B3E0A202020203C73657175656E6365466C6F772069643D22666C6F77312220736F757263655265663D2273746172746576656E743122207461726765745265663D22757365727461736B31223E3C2F73657175656E6365466C6F773E0A202020203C757365725461736B2069643D22757365727461736B3222206E616D653D22E7BB8FE7BAAAE4BABAE5AEA1E689B9222061637469766974693A61737369676E65653D22247B696E707574557365727D222061637469766974693A666F726D4B65793D22776F726B666C6F77416374696F6E5F61756469742E616374696F6E223E0A2020202020203C657874656E73696F6E456C656D656E74733E0A20202020202020203C61637469766974693A7461736B4C697374656E6572206576656E743D226372656174652220636C6173733D22636F6D2E61637469766974692E7461736B68616E646C65722E4D616E616765725461736B48616E646C6572223E3C2F61637469766974693A7461736B4C697374656E65723E0A2020202020203C2F657874656E73696F6E456C656D656E74733E0A202020203C2F757365725461736B3E0A202020203C73657175656E6365466C6F772069643D22666C6F77322220736F757263655265663D22757365727461736B3122207461726765745265663D22757365727461736B32223E3C2F73657175656E6365466C6F773E0A202020203C757365725461736B2069643D22757365727461736B3322206E616D653D22E88081E680BBE5AEA1E689B9222061637469766974693A61737369676E65653D22247B696E707574557365727D223E3C2F757365725461736B3E0A202020203C73657175656E6365466C6F772069643D22666C6F773322206E616D653D22E689B9E587862220736F757263655265663D22757365727461736B3222207461726765745265663D22757365727461736B33223E0A2020202020203C636F6E646974696F6E45787072657373696F6E207873693A747970653D2274466F726D616C45787072657373696F6E223E3C215B43444154415B247B6F7574636F6D653D3D27E689B9E58786277D5D5D3E3C2F636F6E646974696F6E45787072657373696F6E3E0A202020203C2F73657175656E6365466C6F773E0A202020203C656E644576656E742069643D22656E646576656E743122206E616D653D22456E64223E3C2F656E644576656E743E0A202020203C73657175656E6365466C6F772069643D22666C6F773422206E616D653D22E689B9E587862220736F757263655265663D22757365727461736B3322207461726765745265663D22656E646576656E7431223E0A2020202020203C636F6E646974696F6E45787072657373696F6E207873693A747970653D2274466F726D616C45787072657373696F6E223E3C215B43444154415B247B6F7574636F6D653D3D27E689B9E58786277D5D5D3E3C2F636F6E646974696F6E45787072657373696F6E3E0A202020203C2F73657175656E6365466C6F773E0A202020203C73657175656E6365466C6F772069643D22666C6F773522206E616D653D22E9A9B3E59B9E2220736F757263655265663D22757365727461736B3222207461726765745265663D22757365727461736B31223E0A2020202020203C636F6E646974696F6E45787072657373696F6E207873693A747970653D2274466F726D616C45787072657373696F6E223E3C215B43444154415B247B6F7574636F6D653D3D27E9A9B3E59B9E277D5D5D3E3C2F636F6E646974696F6E45787072657373696F6E3E0A202020203C2F73657175656E6365466C6F773E0A202020203C73657175656E6365466C6F772069643D22666C6F773622206E616D653D22E9A9B3E59B9E2220736F757263655265663D22757365727461736B3322207461726765745265663D22757365727461736B31223E0A2020202020203C636F6E646974696F6E45787072657373696F6E207873693A747970653D2274466F726D616C45787072657373696F6E223E3C215B43444154415B247B6F7574636F6D653D3D27E9A9B3E59B9E277D5D5D3E3C2F636F6E646974696F6E45787072657373696F6E3E0A202020203C2F73657175656E6365466C6F773E0A20203C2F70726F636573733E0A20203C62706D6E64693A42504D4E4469616772616D2069643D2242504D4E4469616772616D5F4C6561766542696C6C32223E0A202020203C62706D6E64693A42504D4E506C616E652062706D6E456C656D656E743D224C6561766542696C6C32222069643D2242504D4E506C616E655F4C6561766542696C6C32223E0A2020202020203C62706D6E64693A42504D4E53686170652062706D6E456C656D656E743D2273746172746576656E7431222069643D2242504D4E53686170655F73746172746576656E7431223E0A20202020202020203C6F6D6764633A426F756E6473206865696768743D2233352E30222077696474683D2233352E302220783D223239302E302220793D2236302E30223E3C2F6F6D6764633A426F756E64733E0A2020202020203C2F62706D6E64693A42504D4E53686170653E0A2020202020203C62706D6E64693A42504D4E53686170652062706D6E456C656D656E743D22757365727461736B31222069643D2242504D4E53686170655F757365727461736B31223E0A20202020202020203C6F6D6764633A426F756E6473206865696768743D2235352E30222077696474683D223130352E302220783D223235352E302220793D223134302E30223E3C2F6F6D6764633A426F756E64733E0A2020202020203C2F62706D6E64693A42504D4E53686170653E0A2020202020203C62706D6E64693A42504D4E53686170652062706D6E456C656D656E743D22757365727461736B32222069643D2242504D4E53686170655F757365727461736B32223E0A20202020202020203C6F6D6764633A426F756E6473206865696768743D2235352E30222077696474683D223130352E302220783D223235352E302220793D223233302E30223E3C2F6F6D6764633A426F756E64733E0A2020202020203C2F62706D6E64693A42504D4E53686170653E0A2020202020203C62706D6E64693A42504D4E53686170652062706D6E456C656D656E743D22757365727461736B33222069643D2242504D4E53686170655F757365727461736B33223E0A20202020202020203C6F6D6764633A426F756E6473206865696768743D2235352E30222077696474683D223130352E302220783D223235352E302220793D223332372E30223E3C2F6F6D6764633A426F756E64733E0A2020202020203C2F62706D6E64693A42504D4E53686170653E0A2020202020203C62706D6E64693A42504D4E53686170652062706D6E456C656D656E743D22656E646576656E7431222069643D2242504D4E53686170655F656E646576656E7431223E0A20202020202020203C6F6D6764633A426F756E6473206865696768743D2233352E30222077696474683D2233352E302220783D223239302E302220793D223432302E30223E3C2F6F6D6764633A426F756E64733E0A2020202020203C2F62706D6E64693A42504D4E53686170653E0A2020202020203C62706D6E64693A42504D4E456467652062706D6E456C656D656E743D22666C6F7731222069643D2242504D4E456467655F666C6F7731223E0A20202020202020203C6F6D6764693A776179706F696E7420783D223330372E302220793D2239352E30223E3C2F6F6D6764693A776179706F696E743E0A20202020202020203C6F6D6764693A776179706F696E7420783D223330372E302220793D223134302E30223E3C2F6F6D6764693A776179706F696E743E0A2020202020203C2F62706D6E64693A42504D4E456467653E0A2020202020203C62706D6E64693A42504D4E456467652062706D6E456C656D656E743D22666C6F7732222069643D2242504D4E456467655F666C6F7732223E0A20202020202020203C6F6D6764693A776179706F696E7420783D223330372E302220793D223139352E30223E3C2F6F6D6764693A776179706F696E743E0A20202020202020203C6F6D6764693A776179706F696E7420783D223330372E302220793D223233302E30223E3C2F6F6D6764693A776179706F696E743E0A2020202020203C2F62706D6E64693A42504D4E456467653E0A2020202020203C62706D6E64693A42504D4E456467652062706D6E456C656D656E743D22666C6F7733222069643D2242504D4E456467655F666C6F7733223E0A20202020202020203C6F6D6764693A776179706F696E7420783D223330372E302220793D223238352E30223E3C2F6F6D6764693A776179706F696E743E0A20202020202020203C6F6D6764693A776179706F696E7420783D223330372E302220793D223332372E30223E3C2F6F6D6764693A776179706F696E743E0A20202020202020203C62706D6E64693A42504D4E4C6162656C3E0A202020202020202020203C6F6D6764633A426F756E6473206865696768743D2234382E30222077696474683D2232342E302220783D2231302E302220793D22302E30223E3C2F6F6D6764633A426F756E64733E0A20202020202020203C2F62706D6E64693A42504D4E4C6162656C3E0A2020202020203C2F62706D6E64693A42504D4E456467653E0A2020202020203C62706D6E64693A42504D4E456467652062706D6E456C656D656E743D22666C6F7734222069643D2242504D4E456467655F666C6F7734223E0A20202020202020203C6F6D6764693A776179706F696E7420783D223330372E302220793D223338322E30223E3C2F6F6D6764693A776179706F696E743E0A20202020202020203C6F6D6764693A776179706F696E7420783D223330372E302220793D223432302E30223E3C2F6F6D6764693A776179706F696E743E0A20202020202020203C62706D6E64693A42504D4E4C6162656C3E0A202020202020202020203C6F6D6764633A426F756E6473206865696768743D2234382E30222077696474683D2232342E302220783D2231302E302220793D22302E30223E3C2F6F6D6764633A426F756E64733E0A20202020202020203C2F62706D6E64693A42504D4E4C6162656C3E0A2020202020203C2F62706D6E64693A42504D4E456467653E0A2020202020203C62706D6E64693A42504D4E456467652062706D6E456C656D656E743D22666C6F7735222069643D2242504D4E456467655F666C6F7735223E0A20202020202020203C6F6D6764693A776179706F696E7420783D223336302E302220793D223235372E30223E3C2F6F6D6764693A776179706F696E743E0A20202020202020203C6F6D6764693A776179706F696E7420783D223437352E302220793D223235372E30223E3C2F6F6D6764693A776179706F696E743E0A20202020202020203C6F6D6764693A776179706F696E7420783D223437352E302220793D223136372E30223E3C2F6F6D6764693A776179706F696E743E0A20202020202020203C6F6D6764693A776179706F696E7420783D223336302E302220793D223136372E30223E3C2F6F6D6764693A776179706F696E743E0A20202020202020203C62706D6E64693A42504D4E4C6162656C3E0A202020202020202020203C6F6D6764633A426F756E6473206865696768743D2234382E30222077696474683D2232342E302220783D2231302E302220793D22302E30223E3C2F6F6D6764633A426F756E64733E0A20202020202020203C2F62706D6E64693A42504D4E4C6162656C3E0A2020202020203C2F62706D6E64693A42504D4E456467653E0A2020202020203C62706D6E64693A42504D4E456467652062706D6E456C656D656E743D22666C6F7736222069643D2242504D4E456467655F666C6F7736223E0A20202020202020203C6F6D6764693A776179706F696E7420783D223235352E302220793D223335342E30223E3C2F6F6D6764693A776179706F696E743E0A20202020202020203C6F6D6764693A776179706F696E7420783D223134322E302220793D223335352E30223E3C2F6F6D6764693A776179706F696E743E0A20202020202020203C6F6D6764693A776179706F696E7420783D223134322E302220793D223236352E30223E3C2F6F6D6764693A776179706F696E743E0A20202020202020203C6F6D6764693A776179706F696E7420783D223134322E302220793D223136372E30223E3C2F6F6D6764693A776179706F696E743E0A20202020202020203C6F6D6764693A776179706F696E7420783D223235352E302220793D223136372E30223E3C2F6F6D6764693A776179706F696E743E0A20202020202020203C62706D6E64693A42504D4E4C6162656C3E0A202020202020202020203C6F6D6764633A426F756E6473206865696768743D2234382E30222077696474683D2232342E302220783D2231302E302220793D22302E30223E3C2F6F6D6764633A426F756E64733E0A20202020202020203C2F62706D6E64693A42504D4E4C6162656C3E0A2020202020203C2F62706D6E64693A42504D4E456467653E0A202020203C2F62706D6E64693A42504D4E506C616E653E0A20203C2F62706D6E64693A42504D4E4469616772616D3E0A3C2F646566696E6974696F6E733E, '0');

-- ----------------------------
-- Table structure for act_ge_property
-- ----------------------------
DROP TABLE IF EXISTS `act_ge_property`;
CREATE TABLE `act_ge_property` (
  `NAME_` varchar(64) COLLATE utf8_bin NOT NULL,
  `VALUE_` varchar(300) COLLATE utf8_bin DEFAULT NULL,
  `REV_` int(11) DEFAULT NULL,
  PRIMARY KEY (`NAME_`)
) ENGINE=InnoDB DEFAULT CHARSET=utf8 COLLATE=utf8_bin;

-- ----------------------------
-- Records of act_ge_property
-- ----------------------------
INSERT INTO `act_ge_property` VALUES ('next.dbid', '55001', '23');
INSERT INTO `act_ge_property` VALUES ('schema.history', 'create(5.22.0.0)', '1');
INSERT INTO `act_ge_property` VALUES ('schema.version', '5.22.0.0', '1');

-- ----------------------------
-- Table structure for act_hi_actinst
-- ----------------------------
DROP TABLE IF EXISTS `act_hi_actinst`;
CREATE TABLE `act_hi_actinst` (
  `ID_` varchar(64) COLLATE utf8_bin NOT NULL,
  `PROC_DEF_ID_` varchar(64) COLLATE utf8_bin NOT NULL,
  `PROC_INST_ID_` varchar(64) COLLATE utf8_bin NOT NULL,
  `EXECUTION_ID_` varchar(64) COLLATE utf8_bin NOT NULL,
  `ACT_ID_` varchar(255) COLLATE utf8_bin NOT NULL,
  `TASK_ID_` varchar(64) COLLATE utf8_bin DEFAULT NULL,
  `CALL_PROC_INST_ID_` varchar(64) COLLATE utf8_bin DEFAULT NULL,
  `ACT_NAME_` varchar(255) COLLATE utf8_bin DEFAULT NULL,
  `ACT_TYPE_` varchar(255) COLLATE utf8_bin NOT NULL,
  `ASSIGNEE_` varchar(255) COLLATE utf8_bin DEFAULT NULL,
  `START_TIME_` datetime(3) NOT NULL,
  `END_TIME_` datetime(3) DEFAULT NULL,
  `DURATION_` bigint(20) DEFAULT NULL,
  `TENANT_ID_` varchar(255) COLLATE utf8_bin DEFAULT '',
  PRIMARY KEY (`ID_`),
  KEY `ACT_IDX_HI_ACT_INST_START` (`START_TIME_`),
  KEY `ACT_IDX_HI_ACT_INST_END` (`END_TIME_`),
  KEY `ACT_IDX_HI_ACT_INST_PROCINST` (`PROC_INST_ID_`,`ACT_ID_`),
  KEY `ACT_IDX_HI_ACT_INST_EXEC` (`EXECUTION_ID_`,`ACT_ID_`)
) ENGINE=InnoDB DEFAULT CHARSET=utf8 COLLATE=utf8_bin;

-- ----------------------------
-- Records of act_hi_actinst
-- ----------------------------
INSERT INTO `act_hi_actinst` VALUES ('45010', 'LeaveBill2:2:45008', '45009', '45009', 'startevent1', null, null, 'Start', 'startEvent', null, '2020-02-12 21:50:56.865', '2020-02-12 21:50:56.905', '40', '');
INSERT INTO `act_hi_actinst` VALUES ('45012', 'LeaveBill2:2:45008', '45009', '45009', 'usertask1', '45013', null, '', 'userTask', 'cuihang', '2020-02-12 21:50:56.906', '2020-02-12 21:51:40.871', '43965', '');
INSERT INTO `act_hi_actinst` VALUES ('45016', 'LeaveBill2:2:45008', '45009', '45009', 'usertask2', '45017', null, '', 'userTask', 'cuihang1', '2020-02-12 21:51:40.871', '2020-02-12 21:55:41.223', '240352', '');
INSERT INTO `act_hi_actinst` VALUES ('47502', 'LeaveBill2:2:45008', '45009', '45009', 'usertask3', '47503', null, '', 'userTask', 'cuihang', '2020-02-12 21:55:41.224', '2020-02-12 21:57:08.091', '86867', '');
INSERT INTO `act_hi_actinst` VALUES ('47505', 'LeaveBill2:2:45008', '45009', '45009', 'endevent1', null, null, 'End', 'endEvent', null, '2020-02-12 21:57:08.092', '2020-02-12 21:57:08.092', '0', '');
INSERT INTO `act_hi_actinst` VALUES ('50002', 'LeaveBill2:2:45008', '50001', '50001', 'startevent1', null, null, 'Start', 'startEvent', null, '2020-02-13 16:42:45.863', '2020-02-13 16:42:45.876', '13', '');
INSERT INTO `act_hi_actinst` VALUES ('50004', 'LeaveBill2:2:45008', '50001', '50001', 'usertask1', '50005', null, '', 'userTask', 'zhangsan', '2020-02-13 16:42:45.876', null, null, '');
INSERT INTO `act_hi_actinst` VALUES ('52502', 'LeaveBill2:2:45008', '52501', '52501', 'startevent1', null, null, 'Start', 'startEvent', null, '2020-02-13 16:47:36.791', '2020-02-13 16:47:36.808', '17', '');
INSERT INTO `act_hi_actinst` VALUES ('52504', 'LeaveBill2:2:45008', '52501', '52501', 'usertask1', '52505', null, '', 'userTask', 'lisi', '2020-02-13 16:47:36.809', null, null, '');

-- ----------------------------
-- Table structure for act_hi_attachment
-- ----------------------------
DROP TABLE IF EXISTS `act_hi_attachment`;
CREATE TABLE `act_hi_attachment` (
  `ID_` varchar(64) COLLATE utf8_bin NOT NULL,
  `REV_` int(11) DEFAULT NULL,
  `USER_ID_` varchar(255) COLLATE utf8_bin DEFAULT NULL,
  `NAME_` varchar(255) COLLATE utf8_bin DEFAULT NULL,
  `DESCRIPTION_` varchar(4000) COLLATE utf8_bin DEFAULT NULL,
  `TYPE_` varchar(255) COLLATE utf8_bin DEFAULT NULL,
  `TASK_ID_` varchar(64) COLLATE utf8_bin DEFAULT NULL,
  `PROC_INST_ID_` varchar(64) COLLATE utf8_bin DEFAULT NULL,
  `URL_` varchar(4000) COLLATE utf8_bin DEFAULT NULL,
  `CONTENT_ID_` varchar(64) COLLATE utf8_bin DEFAULT NULL,
  `TIME_` datetime(3) DEFAULT NULL,
  PRIMARY KEY (`ID_`)
) ENGINE=InnoDB DEFAULT CHARSET=utf8 COLLATE=utf8_bin;

-- ----------------------------
-- Records of act_hi_attachment
-- ----------------------------

-- ----------------------------
-- Table structure for act_hi_comment
-- ----------------------------
DROP TABLE IF EXISTS `act_hi_comment`;
CREATE TABLE `act_hi_comment` (
  `ID_` varchar(64) COLLATE utf8_bin NOT NULL,
  `TYPE_` varchar(255) COLLATE utf8_bin DEFAULT NULL,
  `TIME_` datetime(3) NOT NULL,
  `USER_ID_` varchar(255) COLLATE utf8_bin DEFAULT NULL,
  `TASK_ID_` varchar(64) COLLATE utf8_bin DEFAULT NULL,
  `PROC_INST_ID_` varchar(64) COLLATE utf8_bin DEFAULT NULL,
  `ACTION_` varchar(255) COLLATE utf8_bin DEFAULT NULL,
  `MESSAGE_` varchar(4000) COLLATE utf8_bin DEFAULT NULL,
  `FULL_MSG_` longblob,
  PRIMARY KEY (`ID_`)
) ENGINE=InnoDB DEFAULT CHARSET=utf8 COLLATE=utf8_bin;

-- ----------------------------
-- Records of act_hi_comment
-- ----------------------------
INSERT INTO `act_hi_comment` VALUES ('45015', 'comment', '2020-02-12 21:51:31.376', 'cuihang', '45013', '45009', 'AddComment', 'test', 0x74657374);
INSERT INTO `act_hi_comment` VALUES ('47504', 'comment', '2020-02-12 21:57:04.080', 'cuihang', '47503', '45009', 'AddComment', 'test', 0x74657374);

-- ----------------------------
-- Table structure for act_hi_detail
-- ----------------------------
DROP TABLE IF EXISTS `act_hi_detail`;
CREATE TABLE `act_hi_detail` (
  `ID_` varchar(64) COLLATE utf8_bin NOT NULL,
  `TYPE_` varchar(255) COLLATE utf8_bin NOT NULL,
  `PROC_INST_ID_` varchar(64) COLLATE utf8_bin DEFAULT NULL,
  `EXECUTION_ID_` varchar(64) COLLATE utf8_bin DEFAULT NULL,
  `TASK_ID_` varchar(64) COLLATE utf8_bin DEFAULT NULL,
  `ACT_INST_ID_` varchar(64) COLLATE utf8_bin DEFAULT NULL,
  `NAME_` varchar(255) COLLATE utf8_bin NOT NULL,
  `VAR_TYPE_` varchar(255) COLLATE utf8_bin DEFAULT NULL,
  `REV_` int(11) DEFAULT NULL,
  `TIME_` datetime(3) NOT NULL,
  `BYTEARRAY_ID_` varchar(64) COLLATE utf8_bin DEFAULT NULL,
  `DOUBLE_` double DEFAULT NULL,
  `LONG_` bigint(20) DEFAULT NULL,
  `TEXT_` varchar(4000) COLLATE utf8_bin DEFAULT NULL,
  `TEXT2_` varchar(4000) COLLATE utf8_bin DEFAULT NULL,
  PRIMARY KEY (`ID_`),
  KEY `ACT_IDX_HI_DETAIL_PROC_INST` (`PROC_INST_ID_`),
  KEY `ACT_IDX_HI_DETAIL_ACT_INST` (`ACT_INST_ID_`),
  KEY `ACT_IDX_HI_DETAIL_TIME` (`TIME_`),
  KEY `ACT_IDX_HI_DETAIL_NAME` (`NAME_`),
  KEY `ACT_IDX_HI_DETAIL_TASK_ID` (`TASK_ID_`)
) ENGINE=InnoDB DEFAULT CHARSET=utf8 COLLATE=utf8_bin;

-- ----------------------------
-- Records of act_hi_detail
-- ----------------------------

-- ----------------------------
-- Table structure for act_hi_identitylink
-- ----------------------------
DROP TABLE IF EXISTS `act_hi_identitylink`;
CREATE TABLE `act_hi_identitylink` (
  `ID_` varchar(64) COLLATE utf8_bin NOT NULL,
  `GROUP_ID_` varchar(255) COLLATE utf8_bin DEFAULT NULL,
  `TYPE_` varchar(255) COLLATE utf8_bin DEFAULT NULL,
  `USER_ID_` varchar(255) COLLATE utf8_bin DEFAULT NULL,
  `TASK_ID_` varchar(64) COLLATE utf8_bin DEFAULT NULL,
  `PROC_INST_ID_` varchar(64) COLLATE utf8_bin DEFAULT NULL,
  PRIMARY KEY (`ID_`),
  KEY `ACT_IDX_HI_IDENT_LNK_USER` (`USER_ID_`),
  KEY `ACT_IDX_HI_IDENT_LNK_TASK` (`TASK_ID_`),
  KEY `ACT_IDX_HI_IDENT_LNK_PROCINST` (`PROC_INST_ID_`)
) ENGINE=InnoDB DEFAULT CHARSET=utf8 COLLATE=utf8_bin;

-- ----------------------------
-- Records of act_hi_identitylink
-- ----------------------------
INSERT INTO `act_hi_identitylink` VALUES ('45014', null, 'participant', 'cuihang', null, '45009');
INSERT INTO `act_hi_identitylink` VALUES ('45018', null, 'participant', 'cuihang1', null, '45009');
INSERT INTO `act_hi_identitylink` VALUES ('50006', null, 'participant', 'zhangsan', null, '50001');
INSERT INTO `act_hi_identitylink` VALUES ('52506', null, 'participant', 'lisi', null, '52501');

-- ----------------------------
-- Table structure for act_hi_procinst
-- ----------------------------
DROP TABLE IF EXISTS `act_hi_procinst`;
CREATE TABLE `act_hi_procinst` (
  `ID_` varchar(64) COLLATE utf8_bin NOT NULL,
  `PROC_INST_ID_` varchar(64) COLLATE utf8_bin NOT NULL,
  `BUSINESS_KEY_` varchar(255) COLLATE utf8_bin DEFAULT NULL,
  `PROC_DEF_ID_` varchar(64) COLLATE utf8_bin NOT NULL,
  `START_TIME_` datetime(3) NOT NULL,
  `END_TIME_` datetime(3) DEFAULT NULL,
  `DURATION_` bigint(20) DEFAULT NULL,
  `START_USER_ID_` varchar(255) COLLATE utf8_bin DEFAULT NULL,
  `START_ACT_ID_` varchar(255) COLLATE utf8_bin DEFAULT NULL,
  `END_ACT_ID_` varchar(255) COLLATE utf8_bin DEFAULT NULL,
  `SUPER_PROCESS_INSTANCE_ID_` varchar(64) COLLATE utf8_bin DEFAULT NULL,
  `DELETE_REASON_` varchar(4000) COLLATE utf8_bin DEFAULT NULL,
  `TENANT_ID_` varchar(255) COLLATE utf8_bin DEFAULT '',
  `NAME_` varchar(255) COLLATE utf8_bin DEFAULT NULL,
  PRIMARY KEY (`ID_`),
  UNIQUE KEY `PROC_INST_ID_` (`PROC_INST_ID_`),
  KEY `ACT_IDX_HI_PRO_INST_END` (`END_TIME_`),
  KEY `ACT_IDX_HI_PRO_I_BUSKEY` (`BUSINESS_KEY_`)
) ENGINE=InnoDB DEFAULT CHARSET=utf8 COLLATE=utf8_bin;

-- ----------------------------
-- Records of act_hi_procinst
-- ----------------------------
INSERT INTO `act_hi_procinst` VALUES ('45009', '45009', null, 'LeaveBill2:2:45008', '2020-02-12 21:50:56.865', '2020-02-12 21:57:08.103', '371238', null, 'startevent1', 'endevent1', null, null, '', null);
INSERT INTO `act_hi_procinst` VALUES ('50001', '50001', '2', 'LeaveBill2:2:45008', '2020-02-13 16:42:45.863', null, null, null, 'startevent1', null, null, null, '', null);
INSERT INTO `act_hi_procinst` VALUES ('52501', '52501', '3', 'LeaveBill2:2:45008', '2020-02-13 16:47:36.791', null, null, null, 'startevent1', null, null, null, '', null);

-- ----------------------------
-- Table structure for act_hi_taskinst
-- ----------------------------
DROP TABLE IF EXISTS `act_hi_taskinst`;
CREATE TABLE `act_hi_taskinst` (
  `ID_` varchar(64) COLLATE utf8_bin NOT NULL,
  `PROC_DEF_ID_` varchar(64) COLLATE utf8_bin DEFAULT NULL,
  `TASK_DEF_KEY_` varchar(255) COLLATE utf8_bin DEFAULT NULL,
  `PROC_INST_ID_` varchar(64) COLLATE utf8_bin DEFAULT NULL,
  `EXECUTION_ID_` varchar(64) COLLATE utf8_bin DEFAULT NULL,
  `NAME_` varchar(255) COLLATE utf8_bin DEFAULT NULL,
  `PARENT_TASK_ID_` varchar(64) COLLATE utf8_bin DEFAULT NULL,
  `DESCRIPTION_` varchar(4000) COLLATE utf8_bin DEFAULT NULL,
  `OWNER_` varchar(255) COLLATE utf8_bin DEFAULT NULL,
  `ASSIGNEE_` varchar(255) COLLATE utf8_bin DEFAULT NULL,
  `START_TIME_` datetime(3) NOT NULL,
  `CLAIM_TIME_` datetime(3) DEFAULT NULL,
  `END_TIME_` datetime(3) DEFAULT NULL,
  `DURATION_` bigint(20) DEFAULT NULL,
  `DELETE_REASON_` varchar(4000) COLLATE utf8_bin DEFAULT NULL,
  `PRIORITY_` int(11) DEFAULT NULL,
  `DUE_DATE_` datetime(3) DEFAULT NULL,
  `FORM_KEY_` varchar(255) COLLATE utf8_bin DEFAULT NULL,
  `CATEGORY_` varchar(255) COLLATE utf8_bin DEFAULT NULL,
  `TENANT_ID_` varchar(255) COLLATE utf8_bin DEFAULT '',
  PRIMARY KEY (`ID_`),
  KEY `ACT_IDX_HI_TASK_INST_PROCINST` (`PROC_INST_ID_`)
) ENGINE=InnoDB DEFAULT CHARSET=utf8 COLLATE=utf8_bin;

-- ----------------------------
-- Records of act_hi_taskinst
-- ----------------------------
INSERT INTO `act_hi_taskinst` VALUES ('45013', 'LeaveBill2:2:45008', 'usertask1', '45009', '45009', '', null, null, null, 'cuihang', '2020-02-12 21:50:56.909', null, '2020-02-12 21:51:40.837', '43928', 'completed', '50', null, 'workflowAction_audit.action', null, '');
INSERT INTO `act_hi_taskinst` VALUES ('45017', 'LeaveBill2:2:45008', 'usertask2', '45009', '45009', '', null, null, null, 'cuihang1', '2020-02-12 21:51:40.872', null, '2020-02-12 21:55:41.119', '240247', 'completed', '50', null, 'workflowAction_audit.action', null, '');
INSERT INTO `act_hi_taskinst` VALUES ('47503', 'LeaveBill2:2:45008', 'usertask3', '45009', '45009', '', null, null, null, 'cuihang', '2020-02-12 21:55:41.224', null, '2020-02-12 21:57:08.056', '86832', 'completed', '50', null, null, null, '');
INSERT INTO `act_hi_taskinst` VALUES ('50005', 'LeaveBill2:2:45008', 'usertask1', '50001', '50001', '', null, null, null, 'zhangsan', '2020-02-13 16:42:45.879', null, null, null, null, '50', null, 'workflowAction_audit.action', null, '');
INSERT INTO `act_hi_taskinst` VALUES ('52505', 'LeaveBill2:2:45008', 'usertask1', '52501', '52501', '', null, null, null, 'lisi', '2020-02-13 16:47:36.811', null, null, null, null, '50', null, 'workflowAction_audit.action', null, '');

-- ----------------------------
-- Table structure for act_hi_varinst
-- ----------------------------
DROP TABLE IF EXISTS `act_hi_varinst`;
CREATE TABLE `act_hi_varinst` (
  `ID_` varchar(64) COLLATE utf8_bin NOT NULL,
  `PROC_INST_ID_` varchar(64) COLLATE utf8_bin DEFAULT NULL,
  `EXECUTION_ID_` varchar(64) COLLATE utf8_bin DEFAULT NULL,
  `TASK_ID_` varchar(64) COLLATE utf8_bin DEFAULT NULL,
  `NAME_` varchar(255) COLLATE utf8_bin NOT NULL,
  `VAR_TYPE_` varchar(100) COLLATE utf8_bin DEFAULT NULL,
  `REV_` int(11) DEFAULT NULL,
  `BYTEARRAY_ID_` varchar(64) COLLATE utf8_bin DEFAULT NULL,
  `DOUBLE_` double DEFAULT NULL,
  `LONG_` bigint(20) DEFAULT NULL,
  `TEXT_` varchar(4000) COLLATE utf8_bin DEFAULT NULL,
  `TEXT2_` varchar(4000) COLLATE utf8_bin DEFAULT NULL,
  `CREATE_TIME_` datetime(3) DEFAULT NULL,
  `LAST_UPDATED_TIME_` datetime(3) DEFAULT NULL,
  PRIMARY KEY (`ID_`),
  KEY `ACT_IDX_HI_PROCVAR_PROC_INST` (`PROC_INST_ID_`),
  KEY `ACT_IDX_HI_PROCVAR_NAME_TYPE` (`NAME_`,`VAR_TYPE_`),
  KEY `ACT_IDX_HI_PROCVAR_TASK_ID` (`TASK_ID_`)
) ENGINE=InnoDB DEFAULT CHARSET=utf8 COLLATE=utf8_bin;

-- ----------------------------
-- Records of act_hi_varinst
-- ----------------------------
INSERT INTO `act_hi_varinst` VALUES ('45011', '45009', '45009', null, 'inputUser', 'string', '1', null, null, null, 'cuihang', null, '2020-02-12 21:50:56.867', '2020-02-12 21:57:08.125');
INSERT INTO `act_hi_varinst` VALUES ('47501', '45009', '45009', null, 'outcome', 'string', '1', null, null, null, '', null, '2020-02-12 21:55:40.512', '2020-02-12 21:57:08.125');
INSERT INTO `act_hi_varinst` VALUES ('50003', '50001', '50001', null, 'inputUser', 'string', '0', null, null, null, 'zhangsan', null, '2020-02-13 16:42:45.864', '2020-02-13 16:42:45.864');
INSERT INTO `act_hi_varinst` VALUES ('52503', '52501', '52501', null, 'inputUser', 'string', '0', null, null, null, 'lisi', null, '2020-02-13 16:47:36.792', '2020-02-13 16:47:36.792');

-- ----------------------------
-- Table structure for act_id_group
-- ----------------------------
DROP TABLE IF EXISTS `act_id_group`;
CREATE TABLE `act_id_group` (
  `ID_` varchar(64) COLLATE utf8_bin NOT NULL,
  `REV_` int(11) DEFAULT NULL,
  `NAME_` varchar(255) COLLATE utf8_bin DEFAULT NULL,
  `TYPE_` varchar(255) COLLATE utf8_bin DEFAULT NULL,
  PRIMARY KEY (`ID_`)
) ENGINE=InnoDB DEFAULT CHARSET=utf8 COLLATE=utf8_bin;

-- ----------------------------
-- Records of act_id_group
-- ----------------------------

-- ----------------------------
-- Table structure for act_id_info
-- ----------------------------
DROP TABLE IF EXISTS `act_id_info`;
CREATE TABLE `act_id_info` (
  `ID_` varchar(64) COLLATE utf8_bin NOT NULL,
  `REV_` int(11) DEFAULT NULL,
  `USER_ID_` varchar(64) COLLATE utf8_bin DEFAULT NULL,
  `TYPE_` varchar(64) COLLATE utf8_bin DEFAULT NULL,
  `KEY_` varchar(255) COLLATE utf8_bin DEFAULT NULL,
  `VALUE_` varchar(255) COLLATE utf8_bin DEFAULT NULL,
  `PASSWORD_` longblob,
  `PARENT_ID_` varchar(255) COLLATE utf8_bin DEFAULT NULL,
  PRIMARY KEY (`ID_`)
) ENGINE=InnoDB DEFAULT CHARSET=utf8 COLLATE=utf8_bin;

-- ----------------------------
-- Records of act_id_info
-- ----------------------------

-- ----------------------------
-- Table structure for act_id_membership
-- ----------------------------
DROP TABLE IF EXISTS `act_id_membership`;
CREATE TABLE `act_id_membership` (
  `USER_ID_` varchar(64) COLLATE utf8_bin NOT NULL,
  `GROUP_ID_` varchar(64) COLLATE utf8_bin NOT NULL,
  PRIMARY KEY (`USER_ID_`,`GROUP_ID_`),
  KEY `ACT_FK_MEMB_GROUP` (`GROUP_ID_`),
  CONSTRAINT `ACT_FK_MEMB_GROUP` FOREIGN KEY (`GROUP_ID_`) REFERENCES `act_id_group` (`ID_`),
  CONSTRAINT `ACT_FK_MEMB_USER` FOREIGN KEY (`USER_ID_`) REFERENCES `act_id_user` (`ID_`)
) ENGINE=InnoDB DEFAULT CHARSET=utf8 COLLATE=utf8_bin;

-- ----------------------------
-- Records of act_id_membership
-- ----------------------------

-- ----------------------------
-- Table structure for act_id_user
-- ----------------------------
DROP TABLE IF EXISTS `act_id_user`;
CREATE TABLE `act_id_user` (
  `ID_` varchar(64) COLLATE utf8_bin NOT NULL,
  `REV_` int(11) DEFAULT NULL,
  `FIRST_` varchar(255) COLLATE utf8_bin DEFAULT NULL,
  `LAST_` varchar(255) COLLATE utf8_bin DEFAULT NULL,
  `EMAIL_` varchar(255) COLLATE utf8_bin DEFAULT NULL,
  `PWD_` varchar(255) COLLATE utf8_bin DEFAULT NULL,
  `PICTURE_ID_` varchar(64) COLLATE utf8_bin DEFAULT NULL,
  PRIMARY KEY (`ID_`)
) ENGINE=InnoDB DEFAULT CHARSET=utf8 COLLATE=utf8_bin;

-- ----------------------------
-- Records of act_id_user
-- ----------------------------
INSERT INTO `act_id_user` VALUES ('cuihang', null, 'cui', 'hang', '184136280@qq.com', '123456', null);

-- ----------------------------
-- Table structure for act_procdef_info
-- ----------------------------
DROP TABLE IF EXISTS `act_procdef_info`;
CREATE TABLE `act_procdef_info` (
  `ID_` varchar(64) COLLATE utf8_bin NOT NULL,
  `PROC_DEF_ID_` varchar(64) COLLATE utf8_bin NOT NULL,
  `REV_` int(11) DEFAULT NULL,
  `INFO_JSON_ID_` varchar(64) COLLATE utf8_bin DEFAULT NULL,
  PRIMARY KEY (`ID_`),
  UNIQUE KEY `ACT_UNIQ_INFO_PROCDEF` (`PROC_DEF_ID_`),
  KEY `ACT_IDX_INFO_PROCDEF` (`PROC_DEF_ID_`),
  KEY `ACT_FK_INFO_JSON_BA` (`INFO_JSON_ID_`),
  CONSTRAINT `ACT_FK_INFO_JSON_BA` FOREIGN KEY (`INFO_JSON_ID_`) REFERENCES `act_ge_bytearray` (`ID_`),
  CONSTRAINT `ACT_FK_INFO_PROCDEF` FOREIGN KEY (`PROC_DEF_ID_`) REFERENCES `act_re_procdef` (`ID_`)
) ENGINE=InnoDB DEFAULT CHARSET=utf8 COLLATE=utf8_bin;

-- ----------------------------
-- Records of act_procdef_info
-- ----------------------------

-- ----------------------------
-- Table structure for act_re_deployment
-- ----------------------------
DROP TABLE IF EXISTS `act_re_deployment`;
CREATE TABLE `act_re_deployment` (
  `ID_` varchar(64) COLLATE utf8_bin NOT NULL,
  `NAME_` varchar(255) COLLATE utf8_bin DEFAULT NULL,
  `CATEGORY_` varchar(255) COLLATE utf8_bin DEFAULT NULL,
  `TENANT_ID_` varchar(255) COLLATE utf8_bin DEFAULT '',
  `DEPLOY_TIME_` timestamp(3) NULL DEFAULT NULL,
  PRIMARY KEY (`ID_`)
) ENGINE=InnoDB DEFAULT CHARSET=utf8 COLLATE=utf8_bin;

-- ----------------------------
-- Records of act_re_deployment
-- ----------------------------
INSERT INTO `act_re_deployment` VALUES ('45001', '', null, '', '2020-02-12 21:48:08.067');
INSERT INTO `act_re_deployment` VALUES ('45005', '', null, '', '2020-02-12 21:48:50.415');

-- ----------------------------
-- Table structure for act_re_model
-- ----------------------------
DROP TABLE IF EXISTS `act_re_model`;
CREATE TABLE `act_re_model` (
  `ID_` varchar(64) COLLATE utf8_bin NOT NULL,
  `REV_` int(11) DEFAULT NULL,
  `NAME_` varchar(255) COLLATE utf8_bin DEFAULT NULL,
  `KEY_` varchar(255) COLLATE utf8_bin DEFAULT NULL,
  `CATEGORY_` varchar(255) COLLATE utf8_bin DEFAULT NULL,
  `CREATE_TIME_` timestamp(3) NULL DEFAULT NULL,
  `LAST_UPDATE_TIME_` timestamp(3) NULL DEFAULT NULL,
  `VERSION_` int(11) DEFAULT NULL,
  `META_INFO_` varchar(4000) COLLATE utf8_bin DEFAULT NULL,
  `DEPLOYMENT_ID_` varchar(64) COLLATE utf8_bin DEFAULT NULL,
  `EDITOR_SOURCE_VALUE_ID_` varchar(64) COLLATE utf8_bin DEFAULT NULL,
  `EDITOR_SOURCE_EXTRA_VALUE_ID_` varchar(64) COLLATE utf8_bin DEFAULT NULL,
  `TENANT_ID_` varchar(255) COLLATE utf8_bin DEFAULT '',
  PRIMARY KEY (`ID_`),
  KEY `ACT_FK_MODEL_SOURCE` (`EDITOR_SOURCE_VALUE_ID_`),
  KEY `ACT_FK_MODEL_SOURCE_EXTRA` (`EDITOR_SOURCE_EXTRA_VALUE_ID_`),
  KEY `ACT_FK_MODEL_DEPLOYMENT` (`DEPLOYMENT_ID_`),
  CONSTRAINT `ACT_FK_MODEL_DEPLOYMENT` FOREIGN KEY (`DEPLOYMENT_ID_`) REFERENCES `act_re_deployment` (`ID_`),
  CONSTRAINT `ACT_FK_MODEL_SOURCE` FOREIGN KEY (`EDITOR_SOURCE_VALUE_ID_`) REFERENCES `act_ge_bytearray` (`ID_`),
  CONSTRAINT `ACT_FK_MODEL_SOURCE_EXTRA` FOREIGN KEY (`EDITOR_SOURCE_EXTRA_VALUE_ID_`) REFERENCES `act_ge_bytearray` (`ID_`)
) ENGINE=InnoDB DEFAULT CHARSET=utf8 COLLATE=utf8_bin;

-- ----------------------------
-- Records of act_re_model
-- ----------------------------

-- ----------------------------
-- Table structure for act_re_procdef
-- ----------------------------
DROP TABLE IF EXISTS `act_re_procdef`;
CREATE TABLE `act_re_procdef` (
  `ID_` varchar(64) COLLATE utf8_bin NOT NULL,
  `REV_` int(11) DEFAULT NULL,
  `CATEGORY_` varchar(255) COLLATE utf8_bin DEFAULT NULL,
  `NAME_` varchar(255) COLLATE utf8_bin DEFAULT NULL,
  `KEY_` varchar(255) COLLATE utf8_bin NOT NULL,
  `VERSION_` int(11) NOT NULL,
  `DEPLOYMENT_ID_` varchar(64) COLLATE utf8_bin DEFAULT NULL,
  `RESOURCE_NAME_` varchar(4000) COLLATE utf8_bin DEFAULT NULL,
  `DGRM_RESOURCE_NAME_` varchar(4000) COLLATE utf8_bin DEFAULT NULL,
  `DESCRIPTION_` varchar(4000) COLLATE utf8_bin DEFAULT NULL,
  `HAS_START_FORM_KEY_` tinyint(4) DEFAULT NULL,
  `HAS_GRAPHICAL_NOTATION_` tinyint(4) DEFAULT NULL,
  `SUSPENSION_STATE_` int(11) DEFAULT NULL,
  `TENANT_ID_` varchar(255) COLLATE utf8_bin DEFAULT '',
  PRIMARY KEY (`ID_`),
  UNIQUE KEY `ACT_UNIQ_PROCDEF` (`KEY_`,`VERSION_`,`TENANT_ID_`)
) ENGINE=InnoDB DEFAULT CHARSET=utf8 COLLATE=utf8_bin;

-- ----------------------------
-- Records of act_re_procdef
-- ----------------------------
INSERT INTO `act_re_procdef` VALUES ('LeaveBill2:1:45004', '1', 'http://www.activiti.org/test', 'LeaveBillProcess', 'LeaveBill2', '1', '45001', 'processes/leaveBill2.bpmn', 'processes/leaveBill2.png', null, '0', '1', '1', '');
INSERT INTO `act_re_procdef` VALUES ('LeaveBill2:2:45008', '1', 'http://www.activiti.org/test', 'LeaveBillProcess', 'LeaveBill2', '2', '45005', 'processes/leaveBill2.bpmn', 'processes/leaveBill2.png', null, '0', '1', '1', '');

-- ----------------------------
-- Table structure for act_ru_event_subscr
-- ----------------------------
DROP TABLE IF EXISTS `act_ru_event_subscr`;
CREATE TABLE `act_ru_event_subscr` (
  `ID_` varchar(64) COLLATE utf8_bin NOT NULL,
  `REV_` int(11) DEFAULT NULL,
  `EVENT_TYPE_` varchar(255) COLLATE utf8_bin NOT NULL,
  `EVENT_NAME_` varchar(255) COLLATE utf8_bin DEFAULT NULL,
  `EXECUTION_ID_` varchar(64) COLLATE utf8_bin DEFAULT NULL,
  `PROC_INST_ID_` varchar(64) COLLATE utf8_bin DEFAULT NULL,
  `ACTIVITY_ID_` varchar(64) COLLATE utf8_bin DEFAULT NULL,
  `CONFIGURATION_` varchar(255) COLLATE utf8_bin DEFAULT NULL,
  `CREATED_` timestamp(3) NOT NULL DEFAULT CURRENT_TIMESTAMP(3),
  `PROC_DEF_ID_` varchar(64) COLLATE utf8_bin DEFAULT NULL,
  `TENANT_ID_` varchar(255) COLLATE utf8_bin DEFAULT '',
  PRIMARY KEY (`ID_`),
  KEY `ACT_IDX_EVENT_SUBSCR_CONFIG_` (`CONFIGURATION_`),
  KEY `ACT_FK_EVENT_EXEC` (`EXECUTION_ID_`),
  CONSTRAINT `ACT_FK_EVENT_EXEC` FOREIGN KEY (`EXECUTION_ID_`) REFERENCES `act_ru_execution` (`ID_`)
) ENGINE=InnoDB DEFAULT CHARSET=utf8 COLLATE=utf8_bin;

-- ----------------------------
-- Records of act_ru_event_subscr
-- ----------------------------

-- ----------------------------
-- Table structure for act_ru_execution
-- ----------------------------
DROP TABLE IF EXISTS `act_ru_execution`;
CREATE TABLE `act_ru_execution` (
  `ID_` varchar(64) COLLATE utf8_bin NOT NULL,
  `REV_` int(11) DEFAULT NULL,
  `PROC_INST_ID_` varchar(64) COLLATE utf8_bin DEFAULT NULL,
  `BUSINESS_KEY_` varchar(255) COLLATE utf8_bin DEFAULT NULL,
  `PARENT_ID_` varchar(64) COLLATE utf8_bin DEFAULT NULL,
  `PROC_DEF_ID_` varchar(64) COLLATE utf8_bin DEFAULT NULL,
  `SUPER_EXEC_` varchar(64) COLLATE utf8_bin DEFAULT NULL,
  `ACT_ID_` varchar(255) COLLATE utf8_bin DEFAULT NULL,
  `IS_ACTIVE_` tinyint(4) DEFAULT NULL,
  `IS_CONCURRENT_` tinyint(4) DEFAULT NULL,
  `IS_SCOPE_` tinyint(4) DEFAULT NULL,
  `IS_EVENT_SCOPE_` tinyint(4) DEFAULT NULL,
  `SUSPENSION_STATE_` int(11) DEFAULT NULL,
  `CACHED_ENT_STATE_` int(11) DEFAULT NULL,
  `TENANT_ID_` varchar(255) COLLATE utf8_bin DEFAULT '',
  `NAME_` varchar(255) COLLATE utf8_bin DEFAULT NULL,
  `LOCK_TIME_` timestamp(3) NULL DEFAULT NULL,
  PRIMARY KEY (`ID_`),
  KEY `ACT_IDX_EXEC_BUSKEY` (`BUSINESS_KEY_`),
  KEY `ACT_FK_EXE_PROCINST` (`PROC_INST_ID_`),
  KEY `ACT_FK_EXE_PARENT` (`PARENT_ID_`),
  KEY `ACT_FK_EXE_SUPER` (`SUPER_EXEC_`),
  KEY `ACT_FK_EXE_PROCDEF` (`PROC_DEF_ID_`),
  CONSTRAINT `ACT_FK_EXE_PARENT` FOREIGN KEY (`PARENT_ID_`) REFERENCES `act_ru_execution` (`ID_`),
  CONSTRAINT `ACT_FK_EXE_PROCDEF` FOREIGN KEY (`PROC_DEF_ID_`) REFERENCES `act_re_procdef` (`ID_`),
  CONSTRAINT `ACT_FK_EXE_PROCINST` FOREIGN KEY (`PROC_INST_ID_`) REFERENCES `act_ru_execution` (`ID_`) ON DELETE CASCADE ON UPDATE CASCADE,
  CONSTRAINT `ACT_FK_EXE_SUPER` FOREIGN KEY (`SUPER_EXEC_`) REFERENCES `act_ru_execution` (`ID_`)
) ENGINE=InnoDB DEFAULT CHARSET=utf8 COLLATE=utf8_bin;

-- ----------------------------
-- Records of act_ru_execution
-- ----------------------------
INSERT INTO `act_ru_execution` VALUES ('50001', '1', '50001', '2', null, 'LeaveBill2:2:45008', null, 'usertask1', '1', '0', '1', '0', '1', '2', '', null, null);
INSERT INTO `act_ru_execution` VALUES ('52501', '1', '52501', '3', null, 'LeaveBill2:2:45008', null, 'usertask1', '1', '0', '1', '0', '1', '2', '', null, null);

-- ----------------------------
-- Table structure for act_ru_identitylink
-- ----------------------------
DROP TABLE IF EXISTS `act_ru_identitylink`;
CREATE TABLE `act_ru_identitylink` (
  `ID_` varchar(64) COLLATE utf8_bin NOT NULL,
  `REV_` int(11) DEFAULT NULL,
  `GROUP_ID_` varchar(255) COLLATE utf8_bin DEFAULT NULL,
  `TYPE_` varchar(255) COLLATE utf8_bin DEFAULT NULL,
  `USER_ID_` varchar(255) COLLATE utf8_bin DEFAULT NULL,
  `TASK_ID_` varchar(64) COLLATE utf8_bin DEFAULT NULL,
  `PROC_INST_ID_` varchar(64) COLLATE utf8_bin DEFAULT NULL,
  `PROC_DEF_ID_` varchar(64) COLLATE utf8_bin DEFAULT NULL,
  PRIMARY KEY (`ID_`),
  KEY `ACT_IDX_IDENT_LNK_USER` (`USER_ID_`),
  KEY `ACT_IDX_IDENT_LNK_GROUP` (`GROUP_ID_`),
  KEY `ACT_IDX_ATHRZ_PROCEDEF` (`PROC_DEF_ID_`),
  KEY `ACT_FK_TSKASS_TASK` (`TASK_ID_`),
  KEY `ACT_FK_IDL_PROCINST` (`PROC_INST_ID_`),
  CONSTRAINT `ACT_FK_ATHRZ_PROCEDEF` FOREIGN KEY (`PROC_DEF_ID_`) REFERENCES `act_re_procdef` (`ID_`),
  CONSTRAINT `ACT_FK_IDL_PROCINST` FOREIGN KEY (`PROC_INST_ID_`) REFERENCES `act_ru_execution` (`ID_`),
  CONSTRAINT `ACT_FK_TSKASS_TASK` FOREIGN KEY (`TASK_ID_`) REFERENCES `act_ru_task` (`ID_`)
) ENGINE=InnoDB DEFAULT CHARSET=utf8 COLLATE=utf8_bin;

-- ----------------------------
-- Records of act_ru_identitylink
-- ----------------------------
INSERT INTO `act_ru_identitylink` VALUES ('50006', '1', null, 'participant', 'zhangsan', null, '50001', null);
INSERT INTO `act_ru_identitylink` VALUES ('52506', '1', null, 'participant', 'lisi', null, '52501', null);

-- ----------------------------
-- Table structure for act_ru_job
-- ----------------------------
DROP TABLE IF EXISTS `act_ru_job`;
CREATE TABLE `act_ru_job` (
  `ID_` varchar(64) COLLATE utf8_bin NOT NULL,
  `REV_` int(11) DEFAULT NULL,
  `TYPE_` varchar(255) COLLATE utf8_bin NOT NULL,
  `LOCK_EXP_TIME_` timestamp(3) NULL DEFAULT NULL,
  `LOCK_OWNER_` varchar(255) COLLATE utf8_bin DEFAULT NULL,
  `EXCLUSIVE_` tinyint(1) DEFAULT NULL,
  `EXECUTION_ID_` varchar(64) COLLATE utf8_bin DEFAULT NULL,
  `PROCESS_INSTANCE_ID_` varchar(64) COLLATE utf8_bin DEFAULT NULL,
  `PROC_DEF_ID_` varchar(64) COLLATE utf8_bin DEFAULT NULL,
  `RETRIES_` int(11) DEFAULT NULL,
  `EXCEPTION_STACK_ID_` varchar(64) COLLATE utf8_bin DEFAULT NULL,
  `EXCEPTION_MSG_` varchar(4000) COLLATE utf8_bin DEFAULT NULL,
  `DUEDATE_` timestamp(3) NULL DEFAULT NULL,
  `REPEAT_` varchar(255) COLLATE utf8_bin DEFAULT NULL,
  `HANDLER_TYPE_` varchar(255) COLLATE utf8_bin DEFAULT NULL,
  `HANDLER_CFG_` varchar(4000) COLLATE utf8_bin DEFAULT NULL,
  `TENANT_ID_` varchar(255) COLLATE utf8_bin DEFAULT '',
  PRIMARY KEY (`ID_`),
  KEY `ACT_FK_JOB_EXCEPTION` (`EXCEPTION_STACK_ID_`),
  CONSTRAINT `ACT_FK_JOB_EXCEPTION` FOREIGN KEY (`EXCEPTION_STACK_ID_`) REFERENCES `act_ge_bytearray` (`ID_`)
) ENGINE=InnoDB DEFAULT CHARSET=utf8 COLLATE=utf8_bin;

-- ----------------------------
-- Records of act_ru_job
-- ----------------------------

-- ----------------------------
-- Table structure for act_ru_task
-- ----------------------------
DROP TABLE IF EXISTS `act_ru_task`;
CREATE TABLE `act_ru_task` (
  `ID_` varchar(64) COLLATE utf8_bin NOT NULL,
  `REV_` int(11) DEFAULT NULL,
  `EXECUTION_ID_` varchar(64) COLLATE utf8_bin DEFAULT NULL,
  `PROC_INST_ID_` varchar(64) COLLATE utf8_bin DEFAULT NULL,
  `PROC_DEF_ID_` varchar(64) COLLATE utf8_bin DEFAULT NULL,
  `NAME_` varchar(255) COLLATE utf8_bin DEFAULT NULL,
  `PARENT_TASK_ID_` varchar(64) COLLATE utf8_bin DEFAULT NULL,
  `DESCRIPTION_` varchar(4000) COLLATE utf8_bin DEFAULT NULL,
  `TASK_DEF_KEY_` varchar(255) COLLATE utf8_bin DEFAULT NULL,
  `OWNER_` varchar(255) COLLATE utf8_bin DEFAULT NULL,
  `ASSIGNEE_` varchar(255) COLLATE utf8_bin DEFAULT NULL,
  `DELEGATION_` varchar(64) COLLATE utf8_bin DEFAULT NULL,
  `PRIORITY_` int(11) DEFAULT NULL,
  `CREATE_TIME_` timestamp(3) NULL DEFAULT NULL,
  `DUE_DATE_` datetime(3) DEFAULT NULL,
  `CATEGORY_` varchar(255) COLLATE utf8_bin DEFAULT NULL,
  `SUSPENSION_STATE_` int(11) DEFAULT NULL,
  `TENANT_ID_` varchar(255) COLLATE utf8_bin DEFAULT '',
  `FORM_KEY_` varchar(255) COLLATE utf8_bin DEFAULT NULL,
  PRIMARY KEY (`ID_`),
  KEY `ACT_IDX_TASK_CREATE` (`CREATE_TIME_`),
  KEY `ACT_FK_TASK_EXE` (`EXECUTION_ID_`),
  KEY `ACT_FK_TASK_PROCINST` (`PROC_INST_ID_`),
  KEY `ACT_FK_TASK_PROCDEF` (`PROC_DEF_ID_`),
  CONSTRAINT `ACT_FK_TASK_EXE` FOREIGN KEY (`EXECUTION_ID_`) REFERENCES `act_ru_execution` (`ID_`),
  CONSTRAINT `ACT_FK_TASK_PROCDEF` FOREIGN KEY (`PROC_DEF_ID_`) REFERENCES `act_re_procdef` (`ID_`),
  CONSTRAINT `ACT_FK_TASK_PROCINST` FOREIGN KEY (`PROC_INST_ID_`) REFERENCES `act_ru_execution` (`ID_`)
) ENGINE=InnoDB DEFAULT CHARSET=utf8 COLLATE=utf8_bin;

-- ----------------------------
-- Records of act_ru_task
-- ----------------------------
INSERT INTO `act_ru_task` VALUES ('50005', '1', '50001', '50001', 'LeaveBill2:2:45008', '', null, null, 'usertask1', null, 'zhangsan', null, '50', '2020-02-13 16:42:45.877', null, null, '1', '', 'workflowAction_audit.action');
INSERT INTO `act_ru_task` VALUES ('52505', '1', '52501', '52501', 'LeaveBill2:2:45008', '', null, null, 'usertask1', null, 'lisi', null, '50', '2020-02-13 16:47:36.809', null, null, '1', '', 'workflowAction_audit.action');

-- ----------------------------
-- Table structure for act_ru_variable
-- ----------------------------
DROP TABLE IF EXISTS `act_ru_variable`;
CREATE TABLE `act_ru_variable` (
  `ID_` varchar(64) COLLATE utf8_bin NOT NULL,
  `REV_` int(11) DEFAULT NULL,
  `TYPE_` varchar(255) COLLATE utf8_bin NOT NULL,
  `NAME_` varchar(255) COLLATE utf8_bin NOT NULL,
  `EXECUTION_ID_` varchar(64) COLLATE utf8_bin DEFAULT NULL,
  `PROC_INST_ID_` varchar(64) COLLATE utf8_bin DEFAULT NULL,
  `TASK_ID_` varchar(64) COLLATE utf8_bin DEFAULT NULL,
  `BYTEARRAY_ID_` varchar(64) COLLATE utf8_bin DEFAULT NULL,
  `DOUBLE_` double DEFAULT NULL,
  `LONG_` bigint(20) DEFAULT NULL,
  `TEXT_` varchar(4000) COLLATE utf8_bin DEFAULT NULL,
  `TEXT2_` varchar(4000) COLLATE utf8_bin DEFAULT NULL,
  PRIMARY KEY (`ID_`),
  KEY `ACT_IDX_VARIABLE_TASK_ID` (`TASK_ID_`),
  KEY `ACT_FK_VAR_EXE` (`EXECUTION_ID_`),
  KEY `ACT_FK_VAR_PROCINST` (`PROC_INST_ID_`),
  KEY `ACT_FK_VAR_BYTEARRAY` (`BYTEARRAY_ID_`),
  CONSTRAINT `ACT_FK_VAR_BYTEARRAY` FOREIGN KEY (`BYTEARRAY_ID_`) REFERENCES `act_ge_bytearray` (`ID_`),
  CONSTRAINT `ACT_FK_VAR_EXE` FOREIGN KEY (`EXECUTION_ID_`) REFERENCES `act_ru_execution` (`ID_`),
  CONSTRAINT `ACT_FK_VAR_PROCINST` FOREIGN KEY (`PROC_INST_ID_`) REFERENCES `act_ru_execution` (`ID_`)
) ENGINE=InnoDB DEFAULT CHARSET=utf8 COLLATE=utf8_bin;

-- ----------------------------
-- Records of act_ru_variable
-- ----------------------------
INSERT INTO `act_ru_variable` VALUES ('50003', '1', 'string', 'inputUser', '50001', '50001', null, null, null, null, 'zhangsan', null);
INSERT INTO `act_ru_variable` VALUES ('52503', '1', 'string', 'inputUser', '52501', '52501', null, null, null, null, 'lisi', null);

-- ----------------------------
-- Table structure for a_employee
-- ----------------------------
DROP TABLE IF EXISTS `a_employee`;
CREATE TABLE `a_employee` (
  `name` varchar(200) DEFAULT NULL,
  `id` int(10) NOT NULL,
  `password` varchar(200) DEFAULT NULL,
  `email` varchar(200) DEFAULT NULL,
  `role` varchar(200) DEFAULT NULL,
  `manager_id` int(10) DEFAULT NULL,
  PRIMARY KEY (`id`),
  KEY `FKDC5BF4CCC8CB2A1E` (`manager_id`) USING BTREE,
  CONSTRAINT `a_employee_ibfk_1` FOREIGN KEY (`manager_id`) REFERENCES `a_employee` (`id`)
) ENGINE=InnoDB DEFAULT CHARSET=utf8;

-- ----------------------------
-- Records of a_employee
-- ----------------------------
INSERT INTO `a_employee` VALUES ('cuihang', '1', '123456', '123@qq.com', null, null);

-- ----------------------------
-- Table structure for a_leavebill
-- ----------------------------
DROP TABLE IF EXISTS `a_leavebill`;
CREATE TABLE `a_leavebill` (
  `id` int(10) NOT NULL AUTO_INCREMENT,
  `days` int(11) DEFAULT NULL,
  `content` varchar(200) DEFAULT NULL,
  `remark` varchar(200) DEFAULT NULL,
  `leave_date` timestamp NULL DEFAULT NULL ON UPDATE CURRENT_TIMESTAMP,
  `state` int(11) DEFAULT NULL,
  `user_id` int(11) DEFAULT NULL,
  PRIMARY KEY (`id`),
  KEY `FK74E569002B4D7140` (`user_id`) USING BTREE,
  CONSTRAINT `a_leavebill_ibfk_1` FOREIGN KEY (`user_id`) REFERENCES `a_employee` (`id`)
) ENGINE=InnoDB AUTO_INCREMENT=4 DEFAULT CHARSET=utf8;

-- ----------------------------
-- Records of a_leavebill
-- ----------------------------
INSERT INTO `a_leavebill` VALUES ('1', '3', '', '', '2020-02-12 00:00:00', '0', '1');
INSERT INTO `a_leavebill` VALUES ('2', '3', '', 'string', '2020-02-13 16:40:14', '0', null);
INSERT INTO `a_leavebill` VALUES ('3', '8', '1', 'test1', '2020-02-14 16:40:14', '0', null);
